"","ID","Gender","Sport","Continent","Country","Club","Classification_Specific","Classification_General","Classification_Class","Classification_Order","Classification_Family","Classification_Genus","Classification_Species","N_Species_In_Country","EX","EW","CR","EN","VU","NT","LC","DD","NE","Decreasing","Increasing","Stable","Unknown"
"1","ID_1","Men","Football","Asia","Turkey","Çaykur Rizespor","Accipiter melanoleucus","Species","Aves","Accipitriformes","Accipitridae","Accipiter","Accipiter melanoleucus",0,NA,NA,NA,NA,NA,NA,1,NA,NA,1,NA,NA,NA
"102","ID_102","Men","Football","Asia","Iran, Islamic Republic of","Shahr Khodrou FC","Acinonyx jubatus","Species","Mammalia","Carnivora","Felidae","Acinonyx","Acinonyx jubatus",1,NA,NA,NA,NA,1,NA,NA,NA,NA,1,NA,NA,NA
"103","ID_103","Women","Volleyball","Europe","Netherlands","Djopzz VC Zwolle Topvolleybal","Acinonyx jubatus","Species","Mammalia","Carnivora","Felidae","Acinonyx","Acinonyx jubatus",0,NA,NA,NA,NA,1,NA,NA,NA,NA,1,NA,NA,NA
"104","ID_104","Men","Rugby XV","Africa","South Africa","Free State Cheetahs","Acinonyx jubatus","Species","Mammalia","Carnivora","Felidae","Acinonyx","Acinonyx jubatus",1,NA,NA,NA,NA,1,NA,NA,NA,NA,1,NA,NA,NA
"114","ID_114","Men","Volleyball","Asia","Japan","Suntory Sunbirds","Aethopyga siparaja","Species","Aves","Passeriformes","Nectariniidae","Aethopyga","Aethopyga siparaja",0,NA,NA,NA,NA,NA,NA,1,NA,NA,NA,NA,1,NA
"115","ID_115","Women","Volleyball","Americas","Puerto Rico","Changas de Naranjito","Agelaius xanthomus","Species","Aves","Passeriformes","Icteridae","Agelaius","Agelaius xanthomus",1,NA,NA,NA,1,NA,NA,NA,NA,NA,1,NA,NA,NA
"117","ID_117","Men","Basketball","Europe","Sweden","Jämtland Basket","Alces alces","Species","Mammalia","Artiodactyla","Cervidae","Alces","Alces alces",1,NA,NA,NA,NA,NA,NA,1,NA,NA,NA,1,NA,NA
"141","ID_141","Men","Baseball","Europe","Netherlands","RCH-Pinguins","Aptenodytes forsteri","Species","Aves","Sphenisciformes","Spheniscidae","Aptenodytes","Aptenodytes forsteri",0,NA,NA,NA,NA,NA,1,NA,NA,NA,1,NA,NA,NA
"142","ID_142","Men","Ice Hockey","Americas","United States","Pittsburgh Penguins","Aptenodytes forsteri","Species","Aves","Sphenisciformes","Spheniscidae","Aptenodytes","Aptenodytes forsteri",0,NA,NA,NA,NA,NA,1,NA,NA,NA,1,NA,NA,NA
"144","ID_144","Men","Football","Americas","Colombia","Águilas Doradas Rionegro","Aquila chrysaetos","Species","Aves","Accipitriformes","Accipitridae","Aquila","Aquila chrysaetos",0,NA,NA,NA,NA,NA,NA,1,NA,NA,NA,NA,1,NA
"145","ID_145","Men","Baseball","Asia","Japan","Tohoku Rakuten Golden Eagles","Aquila chrysaetos","Species","Aves","Accipitriformes","Accipitridae","Aquila","Aquila chrysaetos",1,NA,NA,NA,NA,NA,NA,1,NA,NA,NA,NA,1,NA
"146","ID_146","Men","Football","Asia","Turkey","Konyaspor","Aquila heliaca","Species","Aves","Accipitriformes","Accipitridae","Aquila","Aquila heliaca",1,NA,NA,NA,NA,1,NA,NA,NA,NA,1,NA,NA,NA
"147","ID_147","Men","Basketball","Asia","Turkey","Konyaspor","Aquila heliaca","Species","Aves","Accipitriformes","Accipitridae","Aquila","Aquila heliaca",1,NA,NA,NA,NA,1,NA,NA,NA,NA,1,NA,NA,NA
"149","ID_149","Men","Football","Americas","United States","Inter Miami CF","Ardea herodias","Species","Aves","Pelecaniformes","Ardeidae","Ardea","Ardea herodias",1,NA,NA,NA,NA,NA,NA,1,NA,NA,NA,1,NA,NA
"158","ID_158","Men","Basketball","Asia","China","Sichuan Blue Whales","Balaenoptera musculus","Species","Mammalia","Artiodactyla","Balaenopteridae","Balaenoptera","Balaenoptera musculus",0,NA,NA,NA,1,NA,NA,NA,NA,NA,NA,1,NA,NA
"160","ID_160","Men","Baseball","Asia","Japan","Orix Buffaloes","Bison bison","Species","Mammalia","Artiodactyla","Bovidae","Bison","Bison bison",0,NA,NA,NA,NA,NA,1,NA,NA,NA,NA,NA,1,NA
"161","ID_161","Men","American Football","Americas","United States","Buffalo Bills","Bison bison","Species","Mammalia","Artiodactyla","Bovidae","Bison","Bison bison",1,NA,NA,NA,NA,NA,1,NA,NA,NA,NA,NA,1,NA
"162","ID_162","Men","Ice Hockey","Americas","United States","Buffalo Sabres","Bison bison","Species","Mammalia","Artiodactyla","Bovidae","Bison","Bison bison",1,NA,NA,NA,NA,NA,1,NA,NA,NA,NA,NA,1,NA
"163","ID_163","Women","Ice Hockey","Americas","United States","Buffalo Beauts","Bison bison","Species","Mammalia","Artiodactyla","Bovidae","Bison","Bison bison",1,NA,NA,NA,NA,NA,1,NA,NA,NA,NA,NA,1,NA
"164","ID_164","Men","Rugby XIII","Europe","France","Sporting Olympique Avignonnais XIII","Bison bonasus","Species","Mammalia","Artiodactyla","Bovidae","Bison","Bison bonasus",0,NA,NA,NA,NA,NA,1,NA,NA,NA,NA,1,NA,NA
"165","ID_165","Women","Volleyball","Europe","Italy","Azzurra Volley Firenze","Bison bonasus","Species","Mammalia","Artiodactyla","Bovidae","Bison","Bison bonasus",0,NA,NA,NA,NA,NA,1,NA,NA,NA,NA,1,NA,NA
"166","ID_166","Men","Football","Europe","Russian Federation","FC Krasnodar","Bison bonasus","Species","Mammalia","Artiodactyla","Bovidae","Bison","Bison bonasus",1,NA,NA,NA,NA,NA,1,NA,NA,NA,NA,1,NA,NA
"167","ID_167","Men","Rugby XV","Europe","Spain","Independiente RC","Bison bonasus","Species","Mammalia","Artiodactyla","Bovidae","Bison","Bison bonasus",0,NA,NA,NA,NA,NA,1,NA,NA,NA,NA,1,NA,NA
"169","ID_169","Men","Football","Asia","India","FC Goa","Bos gaurus","Species","Mammalia","Artiodactyla","Bovidae","Bos","Bos gaurus",1,NA,NA,NA,NA,1,NA,NA,NA,NA,1,NA,NA,NA
"210","ID_210","Men","Ice Hockey","Europe","France","Ducs d'Angers","Bubo bubo","Species","Aves","Strigiformes","Strigidae","Bubo","Bubo bubo",1,NA,NA,NA,NA,NA,NA,1,NA,NA,1,NA,NA,NA
"211","ID_211","Men","Football","Asia","Turkey","İstanbul Başakşehir F.K.","Bubo bubo","Species","Aves","Strigiformes","Strigidae","Bubo","Bubo bubo",1,NA,NA,NA,NA,NA,NA,1,NA,NA,1,NA,NA,NA
"230","ID_230","Men","Rugby XV","Americas","United States","Dallas jackals","Canis latrans","Species","Mammalia","Carnivora","Canidae","Canis","Canis latrans",1,NA,NA,NA,NA,NA,NA,1,NA,NA,NA,1,NA,NA
"231","ID_231","Men","Ice Hockey","Americas","United States","Arizona Coyotes","Canis latrans","Species","Mammalia","Carnivora","Canidae","Canis","Canis latrans",1,NA,NA,NA,NA,NA,NA,1,NA,NA,NA,1,NA,NA
"232","ID_232","Men","Football","Americas","Argentina","Club de Gimnasia y Esgrima La Plata","Canis lupus","Species","Mammalia","Carnivora","Canidae","Canis","Canis lupus",0,NA,NA,NA,NA,NA,NA,1,NA,NA,NA,NA,1,NA
"233","ID_233","Men","American Football","Americas","Brazil","Moon Howlers","Canis lupus","Species","Mammalia","Carnivora","Canidae","Canis","Canis lupus",0,NA,NA,NA,NA,NA,NA,1,NA,NA,NA,NA,1,NA
"234","ID_234","Men","Basketball","Americas","Canada","Montreal Alliance","Canis lupus","Species","Mammalia","Carnivora","Canidae","Canis","Canis lupus",1,NA,NA,NA,NA,NA,NA,1,NA,NA,NA,NA,1,NA
"235","ID_235","Women","Football","Asia","China","Shaanxi Chang'an Athletic","Canis lupus","Species","Mammalia","Carnivora","Canidae","Canis","Canis lupus",1,NA,NA,NA,NA,NA,NA,1,NA,NA,NA,NA,1,NA
"236","ID_236","Women","Basketball","Asia","China","Shaanxi Tianze Red Wolves","Canis lupus","Species","Mammalia","Carnivora","Canidae","Canis","Canis lupus",1,NA,NA,NA,NA,NA,NA,1,NA,NA,NA,NA,1,NA
"237","ID_237","Men","Football","Americas","Colombia","Deportivo Pereira","Canis lupus","Species","Mammalia","Carnivora","Canidae","Canis","Canis lupus",0,NA,NA,NA,NA,NA,NA,1,NA,NA,NA,NA,1,NA
"238","ID_238","Men","Football","Africa","Egypt","Al Mokawloon Al Arab SC","Canis lupus","Species","Mammalia","Carnivora","Canidae","Canis","Canis lupus",0,NA,NA,NA,NA,NA,NA,1,NA,NA,NA,NA,1,NA
"239","ID_239","Men","Rugby XV","Europe","France","Lyon OU","Canis lupus","Species","Mammalia","Carnivora","Canidae","Canis","Canis lupus",1,NA,NA,NA,NA,NA,NA,1,NA,NA,NA,NA,1,NA
"240","ID_240","Men","Ice Hockey","Europe","France","Grenoble métropole hockey 38","Canis lupus","Species","Mammalia","Carnivora","Canidae","Canis","Canis lupus",1,NA,NA,NA,NA,NA,NA,1,NA,NA,NA,NA,1,NA
"241","ID_241","Women","Handball","Europe","France","Saint-Amand Handball","Canis lupus","Species","Mammalia","Carnivora","Canidae","Canis","Canis lupus",1,NA,NA,NA,NA,NA,NA,1,NA,NA,NA,NA,1,NA
"242","ID_242","Men","Football","Europe","Germany","VfL Wolfsburg","Canis lupus","Species","Mammalia","Carnivora","Canidae","Canis","Canis lupus",1,NA,NA,NA,NA,NA,NA,1,NA,NA,NA,NA,1,NA
"243","ID_243","Women","Football","Europe","Germany","VfL Wolfsburg","Canis lupus","Species","Mammalia","Carnivora","Canidae","Canis","Canis lupus",1,NA,NA,NA,NA,NA,NA,1,NA,NA,NA,NA,1,NA
"244","ID_244","Men","Football","Asia","Iran, Islamic Republic of","Tractor Sazi","Canis lupus","Species","Mammalia","Carnivora","Canidae","Canis","Canis lupus",1,NA,NA,NA,NA,NA,NA,1,NA,NA,NA,NA,1,NA
"245","ID_245","Men","Football","Europe","Italy","AS Roma","Canis lupus","Species","Mammalia","Carnivora","Canidae","Canis","Canis lupus",1,NA,NA,NA,NA,NA,NA,1,NA,NA,NA,NA,1,NA
"246","ID_246","Men","Volleyball","Europe","Italy","Gas Sales Bluenergy Piacenza","Canis lupus","Species","Mammalia","Carnivora","Canidae","Canis","Canis lupus",1,NA,NA,NA,NA,NA,NA,1,NA,NA,NA,NA,1,NA
"247","ID_247","Women","Football","Europe","Italy","AS Roma","Canis lupus","Species","Mammalia","Carnivora","Canidae","Canis","Canis lupus",1,NA,NA,NA,NA,NA,NA,1,NA,NA,NA,NA,1,NA
"248","ID_248","Men","Football","Asia","Japan","Cerezo Osaka","Canis lupus","Species","Mammalia","Carnivora","Canidae","Canis","Canis lupus",0,NA,NA,NA,NA,NA,NA,1,NA,NA,NA,NA,1,NA
"249","ID_249","Men","Volleyball","Asia","Japan","Wolfdogs Nagoya","Canis lupus","Species","Mammalia","Carnivora","Canidae","Canis","Canis lupus",0,NA,NA,NA,NA,NA,NA,1,NA,NA,NA,NA,1,NA
"250","ID_250","Men","Rugby XV","Asia","Japan","Toshiba Brave Lupus Tokyo","Canis lupus","Species","Mammalia","Carnivora","Canidae","Canis","Canis lupus",0,NA,NA,NA,NA,NA,NA,1,NA,NA,NA,NA,1,NA
"251","ID_251","Women","Basketball","Americas","Mexico","Lobas de Aguascalientes","Canis lupus","Species","Mammalia","Carnivora","Canidae","Canis","Canis lupus",1,NA,NA,NA,NA,NA,NA,1,NA,NA,NA,NA,1,NA
"252","ID_252","Men","Football","Africa","Nigeria","Warri Wolves FC","Canis lupus","Species","Mammalia","Carnivora","Canidae","Canis","Canis lupus",0,NA,NA,NA,NA,NA,NA,1,NA,NA,NA,NA,1,NA
"253","ID_253","Men","Basketball","Europe","Poland","Wilki Morskie Szczecin","Canis lupus","Species","Mammalia","Carnivora","Canidae","Canis","Canis lupus",1,NA,NA,NA,NA,NA,NA,1,NA,NA,NA,NA,1,NA
"254","ID_254","Men","Football","Europe","Russian Federation","FC Akhmat Grozny","Canis lupus","Species","Mammalia","Carnivora","Canidae","Canis","Canis lupus",1,NA,NA,NA,NA,NA,NA,1,NA,NA,NA,NA,1,NA
"255","ID_255","Men","Ice Hockey","Europe","Russian Federation","HC Dynamo Moscow","Canis lupus","Species","Mammalia","Carnivora","Canidae","Canis","Canis lupus",1,NA,NA,NA,NA,NA,NA,1,NA,NA,NA,NA,1,NA
"256","ID_256","Men","Ice Hockey","Europe","Russian Federation","HC Neftekhimik Nizhnekamsk","Canis lupus","Species","Mammalia","Carnivora","Canidae","Canis","Canis lupus",1,NA,NA,NA,NA,NA,NA,1,NA,NA,NA,NA,1,NA
"257","ID_257","Men","Football","Asia","Saudi Arabia","Al-Taawoun FC","Canis lupus","Species","Mammalia","Carnivora","Canidae","Canis","Canis lupus",1,NA,NA,NA,NA,NA,NA,1,NA,NA,NA,NA,1,NA
"258","ID_258","Men","Volleyball","Asia","Thailand","Samut Prakan VC","Canis lupus","Species","Mammalia","Carnivora","Canidae","Canis","Canis lupus",0,NA,NA,NA,NA,NA,NA,1,NA,NA,NA,NA,1,NA
"259","ID_259","Men","Football","Europe","United Kingdom","Wolverhampton Wanderers FC","Canis lupus","Species","Mammalia","Carnivora","Canidae","Canis","Canis lupus",0,NA,NA,NA,NA,NA,NA,1,NA,NA,NA,NA,1,NA
"260","ID_260","Men","Rugby XIII","Europe","United Kingdom","Warrington Wolves","Canis lupus","Species","Mammalia","Carnivora","Canidae","Canis","Canis lupus",0,NA,NA,NA,NA,NA,NA,1,NA,NA,NA,NA,1,NA
"261","ID_261","Men","Basketball","Americas","United States","Minnesota Timberwolves","Canis lupus","Species","Mammalia","Carnivora","Canidae","Canis","Canis lupus",1,NA,NA,NA,NA,NA,NA,1,NA,NA,NA,NA,1,NA
"274","ID_274","Men","Basketball","Americas","Brazil","Fortaleza Basquete Cearense","Caracara plancus","Species","Aves","Falconiformes","Falconidae","Caracara","Caracara plancus",1,NA,NA,NA,NA,NA,NA,1,NA,NA,NA,1,NA,NA
"275","ID_275","Men","Ice Hockey","Europe","Germany","Kölner Haie","Carcharodon carcharias","Species","Chondrichthyes","Lamniformes","Lamnidae","Carcharodon","Carcharodon carcharias",0,NA,NA,NA,NA,1,NA,NA,NA,NA,1,NA,NA,NA
"276","ID_276","Men","Football","Asia","Indonesia","Persebaya Surabaya","Carcharodon carcharias","Species","Chondrichthyes","Lamniformes","Lamnidae","Carcharodon","Carcharodon carcharias",0,NA,NA,NA,NA,1,NA,NA,NA,NA,1,NA,NA,NA
"277","ID_277","Men","Baseball","Europe","Germany","Cologne Cardinals","Cardinalis cardinalis","Species","Aves","Passeriformes","Cardinalidae","Cardinalis","Cardinalis cardinalis",0,NA,NA,NA,NA,NA,NA,1,NA,NA,NA,NA,1,NA
"278","ID_278","Men","American Football","Americas","United States","Arizona Cardinals","Cardinalis cardinalis","Species","Aves","Passeriformes","Cardinalidae","Cardinalis","Cardinalis cardinalis",1,NA,NA,NA,NA,NA,NA,1,NA,NA,NA,NA,1,NA
"279","ID_279","Men","Baseball","Americas","United States","St. Louis Cardinals","Cardinalis cardinalis","Species","Aves","Passeriformes","Cardinalidae","Cardinalis","Cardinalis cardinalis",1,NA,NA,NA,NA,NA,NA,1,NA,NA,NA,NA,1,NA
"281","ID_281","Men","American Football","Americas","Canada","Edmonton Elks","Cervus canadensis","Species","Mammalia","Artiodactyla","Cervidae","Cervus","Cervus canadensis",1,NA,NA,NA,NA,NA,NA,1,NA,NA,NA,1,NA,NA
"282","ID_282","Men","Football","Europe","Netherlands","SC Cambuur","Cervus elaphus","Species","Mammalia","Artiodactyla","Cervidae","Cervus","Cervus elaphus",1,NA,NA,NA,NA,NA,NA,1,NA,NA,NA,1,NA,NA
"283","ID_283","Women","Cricket","Oceania","New Zealand","Central Hinds","Cervus elaphus","Species","Mammalia","Artiodactyla","Cervidae","Cervus","Cervus elaphus",1,NA,NA,NA,NA,NA,NA,1,NA,NA,NA,1,NA,NA
"284","ID_284","Men","Cricket","Oceania","New Zealand","Central Stags","Cervus elaphus","Species","Mammalia","Artiodactyla","Cervidae","Cervus","Cervus elaphus",1,NA,NA,NA,NA,NA,NA,1,NA,NA,NA,1,NA,NA
"285","ID_285","Men","Volleyball","Europe","Russian Federation","ASK Nizhny Novgorod","Cervus elaphus","Species","Mammalia","Artiodactyla","Cervidae","Cervus","Cervus elaphus",1,NA,NA,NA,NA,NA,NA,1,NA,NA,NA,1,NA,NA
"286","ID_286","Men","Ice Hockey","Europe","Russian Federation","Torpedo Nizhny Novgorod","Cervus elaphus","Species","Mammalia","Artiodactyla","Cervidae","Cervus","Cervus elaphus",1,NA,NA,NA,NA,NA,NA,1,NA,NA,NA,1,NA,NA
"287","ID_287","Women","Ice Hockey","Europe","Russian Federation","Torpedo Nizhny Novgorod","Cervus elaphus","Species","Mammalia","Artiodactyla","Cervidae","Cervus","Cervus elaphus",1,NA,NA,NA,NA,NA,NA,1,NA,NA,NA,1,NA,NA
"288","ID_288","Women","Basketball","Asia","China","Xinjiang Tian Shan Magic Deer","Cervus hanglu","Species","Mammalia","Artiodactyla","Cervidae","Cervus","Cervus hanglu",1,NA,NA,NA,NA,NA,NA,1,NA,NA,NA,1,NA,NA
"289","ID_289","Men","Football","Asia","Japan","Kashima Antlers","Cervus nippon","Species","Mammalia","Artiodactyla","Cervidae","Cervus","Cervus nippon",1,NA,NA,NA,NA,NA,NA,1,NA,NA,NA,1,NA,NA
"290","ID_290","Men","Ice Hockey","Asia","Japan","Nikkō Ice Bucks","Cervus nippon","Species","Mammalia","Artiodactyla","Cervidae","Cervus","Cervus nippon",1,NA,NA,NA,NA,NA,NA,1,NA,NA,NA,1,NA,NA
"297","ID_297","Men","Football","Europe","France","RC Strasbourg","Ciconia ciconia","Species","Aves","Ciconiiformes","Ciconiidae","Ciconia","Ciconia ciconia",1,NA,NA,NA,NA,NA,NA,1,NA,NA,NA,1,NA,NA
"298","ID_298","Men","Baseball","Europe","Netherlands","Silicon Storks","Ciconia ciconia","Species","Aves","Ciconiiformes","Ciconiidae","Ciconia","Ciconia ciconia",1,NA,NA,NA,NA,NA,NA,1,NA,NA,NA,1,NA,NA
"299","ID_299","Women","Football","Europe","Netherlands","ADO Den Haag Vrouwen","Ciconia ciconia","Species","Aves","Ciconiiformes","Ciconiidae","Ciconia","Ciconia ciconia",1,NA,NA,NA,NA,NA,NA,1,NA,NA,NA,1,NA,NA
"300","ID_300","Men","Football","Europe","United Kingdom","Burnley FC","Ciconia ciconia","Species","Aves","Ciconiiformes","Ciconiidae","Ciconia","Ciconia ciconia",1,NA,NA,NA,NA,NA,NA,1,NA,NA,NA,1,NA,NA
"307","ID_307","Women","Basketball","Americas","Argentina","Montmartre","Corvus corax","Species","Aves","Passeriformes","Corvidae","Corvus","Corvus corax",0,NA,NA,NA,NA,NA,NA,1,NA,NA,NA,1,NA,NA
"308","ID_308","Women","Volleyball","Europe","Germany","Rote Raben Vilsbiburg","Corvus corax","Species","Aves","Passeriformes","Corvidae","Corvus","Corvus corax",1,NA,NA,NA,NA,NA,NA,1,NA,NA,NA,1,NA,NA
"309","ID_309","Men","Handball","Europe","Spain","Club Balonmano Granollers","Corvus corax","Species","Aves","Passeriformes","Corvidae","Corvus","Corvus corax",1,NA,NA,NA,NA,NA,NA,1,NA,NA,NA,1,NA,NA
"310","ID_310","Women","Handball","Europe","Spain","Club Balonmano Granollers","Corvus corax","Species","Aves","Passeriformes","Corvidae","Corvus","Corvus corax",1,NA,NA,NA,NA,NA,NA,1,NA,NA,NA,1,NA,NA
"311","ID_311","Men","American Football","Americas","United States","Baltimore Ravens","Corvus corax","Species","Aves","Passeriformes","Corvidae","Corvus","Corvus corax",1,NA,NA,NA,NA,NA,NA,1,NA,NA,NA,1,NA,NA
"315","ID_315","Men","Football","Asia","Iran, Islamic Republic of","Zob Ahan","Crocodylus palustris","Species","Reptilia","Crocodylia","Crocodylidae","Crocodylus","Crocodylus palustris",1,NA,NA,NA,NA,1,NA,NA,NA,NA,NA,NA,1,NA
"318","ID_318","Men","Baseball","Americas","United States","Arizona Diamondbacks","Crotalus atrox","Species","Reptilia","Squamata","Viperidae","Crotalus","Crotalus atrox",1,NA,NA,NA,NA,NA,NA,1,NA,NA,NA,NA,1,NA
"320","ID_320","Men","Baseball","Americas","United States","Toronto Blue Jays","Cyanocitta cristata","Species","Aves","Passeriformes","Corvidae","Cyanocitta","Cyanocitta cristata",1,NA,NA,NA,NA,NA,NA,1,NA,NA,NA,NA,1,NA
"321","ID_321","Men","Basketball","Americas","Chile","Tinguiririca San Fernando","Cyanoliseus patagonus","Species","Aves","Psittaciformes","Psittacidae","Cyanoliseus","Cyanoliseus patagonus",1,NA,NA,NA,NA,NA,NA,1,NA,NA,1,NA,NA,NA
"323","ID_323","Men","Volleyball","Oceania","Australia","WA Steel","Cygnus atratus","Species","Aves","Anseriformes","Anatidae","Cygnus","Cygnus atratus",1,NA,NA,NA,NA,NA,NA,1,NA,NA,NA,NA,1,NA
"324","ID_324","Men","Rugby XV","Oceania","Australia","Western Force","Cygnus atratus","Species","Aves","Anseriformes","Anatidae","Cygnus","Cygnus atratus",1,NA,NA,NA,NA,NA,NA,1,NA,NA,NA,NA,1,NA
"325","ID_325","Men","Rugby XV","Europe","Spain","Club de Rugby Complutense Cisneros","Cygnus olor","Species","Aves","Anseriformes","Anatidae","Cygnus","Cygnus olor",1,NA,NA,NA,NA,NA,NA,1,NA,NA,NA,1,NA,NA
"326","ID_326","Men","Handball","Europe","Spain","Club Cisne Balonmano","Cygnus olor","Species","Aves","Anseriformes","Anatidae","Cygnus","Cygnus olor",1,NA,NA,NA,NA,NA,NA,1,NA,NA,NA,1,NA,NA
"329","ID_329","Men","Football","Europe","United Kingdom","Watford FC","Dama dama","Species","Mammalia","Artiodactyla","Cervidae","Dama","Dama dama",1,NA,NA,NA,NA,NA,NA,1,NA,NA,NA,NA,NA,1
"350","ID_350","Men","Basketball","Africa","South Africa","Mpumalanga Rhinos","Diceros bicornis","Species","Mammalia","Perissodactyla","Rhinocerotidae","Diceros","Diceros bicornis",1,NA,NA,1,NA,NA,NA,NA,NA,NA,NA,1,NA,NA
"351","ID_351","Men","Rugby XIII","Europe","United Kingdom","Leeds Rhinos","Diceros bicornis","Species","Mammalia","Perissodactyla","Rhinocerotidae","Diceros","Diceros bicornis",0,NA,NA,1,NA,NA,NA,NA,NA,NA,NA,1,NA,NA
"399","ID_399","Men","Handball","Europe","Germany","THW Kiel","Equus quagga","Species","Mammalia","Perissodactyla","Equidae","Equus","Equus quagga",0,NA,NA,NA,NA,NA,1,NA,NA,NA,1,NA,NA,NA
"400","ID_400","Women","Football","Europe","Germany","Meidericher Sportverein 02 e. V. Duisburg","Equus quagga","Species","Mammalia","Perissodactyla","Equidae","Equus","Equus quagga",0,NA,NA,NA,NA,NA,1,NA,NA,NA,1,NA,NA,NA
"401","ID_401","Men","Football","Europe","Italy","Juventus FC","Equus quagga","Species","Mammalia","Perissodactyla","Equidae","Equus","Equus quagga",0,NA,NA,NA,NA,NA,1,NA,NA,NA,1,NA,NA,NA
"402","ID_402","Men","Football","Europe","Italy","Udinese Calcio","Equus quagga","Species","Mammalia","Perissodactyla","Equidae","Equus","Equus quagga",0,NA,NA,NA,NA,NA,1,NA,NA,NA,1,NA,NA,NA
"403","ID_403","Men","Rugby XV","Europe","Italy","Zebre Parma","Equus quagga","Species","Mammalia","Perissodactyla","Equidae","Equus","Equus quagga",0,NA,NA,NA,NA,NA,1,NA,NA,NA,1,NA,NA,NA
"404","ID_404","Men","Rugby XIII","Europe","United Kingdom","Hull Kingston Rovers","Erithacus rubecula","Species","Aves","Passeriformes","Muscicapidae","Erithacus","Erithacus rubecula",1,NA,NA,NA,NA,NA,NA,1,NA,NA,NA,1,NA,NA
"405","ID_405","Men","Ice Hockey","Europe","Germany","Fischtown Pinguins Bremerhaven","Eudyptes chrysolophus","Species","Aves","Sphenisciformes","Spheniscidae","Eudyptes","Eudyptes chrysolophus",0,NA,NA,NA,NA,1,NA,NA,NA,NA,1,NA,NA,NA
"413","ID_413","Men","Cricket","Europe","United Kingdom","Derbyshire County Cricket Club","Falco peregrinus","Species","Aves","Falconiformes","Falconidae","Falco","Falco peregrinus",1,NA,NA,NA,NA,NA,NA,1,NA,NA,NA,1,NA,NA
"421","ID_421","Women","Handball","Europe","Germany","SV Union Halle-Neustadt","Felis silvestris","Species","Mammalia","Carnivora","Felidae","Felis","Felis silvestris",1,NA,NA,NA,NA,NA,NA,1,NA,NA,NA,NA,NA,1
"462","ID_462","Men","Football","Americas","Chile","Club Universidad de Chile","Glaucidium nana","Species","Aves","Strigiformes","Strigidae","Glaucidium","Glaucidium nana",1,NA,NA,NA,NA,NA,NA,1,NA,NA,NA,NA,1,NA
"463","ID_463","Women","Football","Americas","Chile","Club Universidad de Chile","Glaucidium nana","Species","Aves","Strigiformes","Strigidae","Glaucidium","Glaucidium nana",1,NA,NA,NA,NA,NA,NA,1,NA,NA,NA,NA,1,NA
"467","ID_467","Men","Ice Hockey","Asia","Japan","East Hokkaido Cranes","Grus japonensis","Species","Aves","Gruiformes","Gruidae","Grus","Grus japonensis",1,NA,NA,NA,NA,1,NA,NA,NA,NA,1,NA,NA,NA
"468","ID_468","Women","Basketball","Asia","China","Liaoning Flying Eagles","Haliaeetus leucocephalus","Species","Aves","Accipitriformes","Accipitridae","Haliaeetus","Haliaeetus leucocephalus",0,NA,NA,NA,NA,NA,NA,1,NA,NA,NA,1,NA,NA
"469","ID_469","Men","Ice Hockey","Europe","Germany","Adler Mannheim","Haliaeetus leucocephalus","Species","Aves","Accipitriformes","Accipitridae","Haliaeetus","Haliaeetus leucocephalus",0,NA,NA,NA,NA,NA,NA,1,NA,NA,NA,1,NA,NA
"470","ID_470","Men","Handball","Europe","Switzerland","HSC Suhr Aarau","Haliaeetus leucocephalus","Species","Aves","Accipitriformes","Accipitridae","Haliaeetus","Haliaeetus leucocephalus",0,NA,NA,NA,NA,NA,NA,1,NA,NA,NA,1,NA,NA
"471","ID_471","Women","Handball","Europe","Switzerland","Spono Eagles","Haliaeetus leucocephalus","Species","Aves","Accipitriformes","Accipitridae","Haliaeetus","Haliaeetus leucocephalus",0,NA,NA,NA,NA,NA,NA,1,NA,NA,NA,1,NA,NA
"472","ID_472","Men","Cricket","Europe","United Kingdom","Essex County Cricket Club / Essex Eagles","Haliaeetus leucocephalus","Species","Aves","Accipitriformes","Accipitridae","Haliaeetus","Haliaeetus leucocephalus",0,NA,NA,NA,NA,NA,NA,1,NA,NA,NA,1,NA,NA
"473","ID_473","Men","Football","Americas","United States","D.C. United","Haliaeetus leucocephalus","Species","Aves","Accipitriformes","Accipitridae","Haliaeetus","Haliaeetus leucocephalus",1,NA,NA,NA,NA,NA,NA,1,NA,NA,NA,1,NA,NA
"474","ID_474","Men","Rugby XV","Africa","South Africa","SWD Eagles","Haliaeetus vocifer","Species","Aves","Accipitriformes","Accipitridae","Haliaeetus","Haliaeetus vocifer",1,NA,NA,NA,NA,NA,NA,1,NA,NA,NA,NA,1,NA
"482","ID_482","Men","Baseball","Americas","United States","Baltimore Orioles","Icterus galbula","Species","Aves","Passeriformes","Icteridae","Icterus","Icterus galbula",1,NA,NA,NA,NA,NA,NA,1,NA,NA,NA,NA,1,NA
"487","ID_487","Men","Football","Asia","Japan","Hokkaido Consadole Sapporo","Ketupa blakistoni","Species","Aves","Strigiformes","Strigidae","Ketupa","Ketupa blakistoni",1,NA,NA,NA,1,NA,NA,NA,NA,NA,1,NA,NA,NA
"495","ID_495","Men","Cricket","Oceania","Australia","West End Redbacks","Latrodectus hasselti","Species","Arachnida","Araneae","Theridiidae","Latrodectus","Latrodectus hasselti",NA,NA,NA,NA,NA,NA,NA,NA,NA,NA,NA,NA,NA,NA
"496","ID_496","Men","Basketball","Americas","Brazil","Mogi das Cruzes Basquete","Leopardus pardalis","Species","Mammalia","Carnivora","Felidae","Leopardus","Leopardus pardalis",1,NA,NA,NA,NA,NA,NA,1,NA,NA,1,NA,NA,NA
"497","ID_497","Men","Basketball","Americas","Colombia","Tigrillos Medellín","Leopardus pardalis","Species","Mammalia","Carnivora","Felidae","Leopardus","Leopardus pardalis",1,NA,NA,NA,NA,NA,NA,1,NA,NA,1,NA,NA,NA
"506","ID_506","Women","Handball","Europe","Italy","Handball Club Cassa Rurale Pontinia","Loxodonta africana","Species","Mammalia","Proboscidea","Elephantidae","Loxodonta","Loxodonta africana",0,NA,NA,NA,1,NA,NA,NA,NA,NA,1,NA,NA,NA
"507","ID_507","Men","Football","Africa","Kenya","Tusker FC","Loxodonta africana","Species","Mammalia","Proboscidea","Elephantidae","Loxodonta","Loxodonta africana",1,NA,NA,NA,1,NA,NA,NA,NA,NA,1,NA,NA,NA
"508","ID_508","Men","Football","Africa","Nigeria","Enyimba FC","Loxodonta africana","Species","Mammalia","Proboscidea","Elephantidae","Loxodonta","Loxodonta africana",1,NA,NA,NA,1,NA,NA,NA,NA,NA,1,NA,NA,NA
"509","ID_509","Men","Football","Africa","Nigeria","Wikki Tourist FC","Loxodonta africana","Species","Mammalia","Proboscidea","Elephantidae","Loxodonta","Loxodonta africana",1,NA,NA,NA,1,NA,NA,NA,NA,NA,1,NA,NA,NA
"510","ID_510","Men","Football","Europe","Poland","Bruk-Bet Termalica Nieciecza","Loxodonta africana","Species","Mammalia","Proboscidea","Elephantidae","Loxodonta","Loxodonta africana",0,NA,NA,NA,1,NA,NA,NA,NA,NA,1,NA,NA,NA
"511","ID_511","Men","Rugby XV","Africa","South Africa","Eastern Province Elephants","Loxodonta africana","Species","Mammalia","Proboscidea","Elephantidae","Loxodonta","Loxodonta africana",1,NA,NA,NA,1,NA,NA,NA,NA,NA,1,NA,NA,NA
"512","ID_512","Men","Baseball","Americas","United States","Oakland Athletics","Loxodonta africana","Species","Mammalia","Proboscidea","Elephantidae","Loxodonta","Loxodonta africana",0,NA,NA,NA,1,NA,NA,NA,NA,NA,1,NA,NA,NA
"515","ID_515","Men","Football","Americas","Peru","Ayacucho F.C.","Lycalopex culpaeus","Species","Mammalia","Carnivora","Canidae","Lycalopex","Lycalopex culpaeus",1,NA,NA,NA,NA,NA,NA,1,NA,NA,NA,NA,1,NA
"516","ID_516","Women","Basketball","Oceania","Australia","Perth Lynx","Lynx lynx","Species","Mammalia","Carnivora","Felidae","Lynx","Lynx lynx",0,NA,NA,NA,NA,NA,NA,1,NA,NA,NA,NA,1,NA
"517","ID_517","Women","Basketball","Europe","Germany","TK Hannover Luchse","Lynx lynx","Species","Mammalia","Carnivora","Felidae","Lynx","Lynx lynx",1,NA,NA,NA,NA,NA,NA,1,NA,NA,NA,NA,1,NA
"518","ID_518","Women","Basketball","Europe","Poland","MKS Pruszków","Lynx lynx","Species","Mammalia","Carnivora","Felidae","Lynx","Lynx lynx",1,NA,NA,NA,NA,NA,NA,1,NA,NA,NA,NA,1,NA
"519","ID_519","Women","Volleyball","Europe","Poland","KS Developres Rzeszów	","Lynx lynx","Species","Mammalia","Carnivora","Felidae","Lynx","Lynx lynx",1,NA,NA,NA,NA,NA,NA,1,NA,NA,NA,NA,1,NA
"520","ID_520","Men","Ice Hockey","Europe","Russian Federation","Severstal Cherepovets","Lynx lynx","Species","Mammalia","Carnivora","Felidae","Lynx","Lynx lynx",1,NA,NA,NA,NA,NA,NA,1,NA,NA,NA,NA,1,NA
"521","ID_521","Women","Basketball","Europe","Russian Federation","Nika","Lynx lynx","Species","Mammalia","Carnivora","Felidae","Lynx","Lynx lynx",1,NA,NA,NA,NA,NA,NA,1,NA,NA,NA,NA,1,NA
"522","ID_522","Women","Basketball","Asia","Turkey","Mersin Yenişehir Belediyesi Çukurova Basketbol SK","Lynx lynx","Species","Mammalia","Carnivora","Felidae","Lynx","Lynx lynx",1,NA,NA,NA,NA,NA,NA,1,NA,NA,NA,NA,1,NA
"523","ID_523","Women","Basketball","Americas","United States","Minnesota Lynx","Lynx lynx","Species","Mammalia","Carnivora","Felidae","Lynx","Lynx lynx",0,NA,NA,NA,NA,NA,NA,1,NA,NA,NA,NA,1,NA
"527","ID_527","Women","Ice Hockey","Europe","Russian Federation","SKSO Yekaterinburg","Martes zibellina","Species","Mammalia","Carnivora","Mustelidae","Martes","Martes zibellina",1,NA,NA,NA,NA,NA,NA,1,NA,NA,NA,1,NA,NA
"528","ID_528","Men","Basketball","Americas","Canada","Brampton Honey Badgers","Mellivora capensis","Species","Mammalia","Carnivora","Mustelidae","Mellivora","Mellivora capensis",0,NA,NA,NA,NA,NA,NA,1,NA,NA,1,NA,NA,NA
"529","ID_529","Men","Football","Europe","France","FC Lorient","Merluccius merluccius","Species","Actinopterygii","Gadiformes","Merlucciidae","Merluccius","Merluccius merluccius",1,NA,NA,NA,NA,NA,NA,1,NA,NA,NA,NA,NA,1
"530","ID_530","Men","Football","Europe","France","Stade rennais FC","Mustela erminea","Species","Mammalia","Carnivora","Mustelidae","Mustela","Mustela erminea",1,NA,NA,NA,NA,NA,NA,1,NA,NA,NA,NA,1,NA
"531","ID_531","Men","Basketball","Oceania","Australia","Tasmania JackJumpers","Myrmecia pilosula","Species","Insecta","Hymenoptera","Formicidae","Myrmecia","Myrmecia pilosula",NA,NA,NA,NA,NA,NA,NA,NA,NA,NA,NA,NA,NA,NA
"532","ID_532","Men","Basketball","Americas","United States","Milwaukee Bucks","Odocoileus virginianus","Species","Mammalia","Artiodactyla","Cervidae","Odocoileus","Odocoileus virginianus",1,NA,NA,NA,NA,NA,NA,1,NA,NA,NA,NA,1,NA
"533","ID_533","Men","Ice Hockey","Americas","Canada","Vancouver Canucks","Orcinus orca","Species","Mammalia","Cetacea","Delphinidae","Orcinus","Orcinus orca",1,NA,NA,NA,NA,NA,NA,NA,1,NA,NA,NA,NA,1
"534","ID_534","Men","Football","Asia","Japan","Nagoya Grampus","Orcinus orca","Species","Mammalia","Cetacea","Delphinidae","Orcinus","Orcinus orca",1,NA,NA,NA,NA,NA,NA,NA,1,NA,NA,NA,NA,1
"535","ID_535","Men","Rugby XV","Americas","United States","Seattle Seawolves","Orcinus orca","Species","Mammalia","Cetacea","Delphinidae","Orcinus","Orcinus orca",1,NA,NA,NA,NA,NA,NA,NA,1,NA,NA,NA,NA,1
"538","ID_538","Men","Handball","Europe","France","Union sportive de Créteil handball","Ovis canadensis","Species","Mammalia","Artiodactyla","Bovidae","Ovis","Ovis canadensis",0,NA,NA,NA,NA,NA,NA,1,NA,NA,NA,NA,1,NA
"539","ID_539","Men","Rugby XV","Asia","Japan","Black Rams Tokyo","Ovis canadensis","Species","Mammalia","Artiodactyla","Bovidae","Ovis","Ovis canadensis",0,NA,NA,NA,NA,NA,NA,1,NA,NA,NA,NA,1,NA
"540","ID_540","Men","Rugby XV","Europe","Spain","Getxo Artea RT","Ovis canadensis","Species","Mammalia","Artiodactyla","Bovidae","Ovis","Ovis canadensis",0,NA,NA,NA,NA,NA,NA,1,NA,NA,NA,NA,1,NA
"541","ID_541","Men","American Football","Americas","United States","Los Angeles Rams","Ovis canadensis","Species","Mammalia","Artiodactyla","Bovidae","Ovis","Ovis canadensis",1,NA,NA,NA,NA,NA,NA,1,NA,NA,NA,NA,1,NA
"543","ID_543","Men","Rugby XV","Europe","United Kingdom","Ospreys","Pandion haliaetus","Species","Aves","Accipitriformes","Pandionidae","Pandion","Pandion haliaetus",1,NA,NA,NA,NA,NA,NA,1,NA,NA,NA,1,NA,NA
"548","ID_548","Men","Football","Africa","Algeria","ASO Chlef","Panthera leo","Species","Mammalia","Carnivora","Felidae","Panthera","Panthera leo",0,NA,NA,NA,NA,1,NA,NA,NA,NA,1,NA,NA,NA
"549","ID_549","Men","Football","Africa","Algeria","RC Relizane","Panthera leo","Species","Mammalia","Carnivora","Felidae","Panthera","Panthera leo",0,NA,NA,NA,NA,1,NA,NA,NA,NA,1,NA,NA,NA
"550","ID_550","Men","Football","Africa","Algeria","USM Alger","Panthera leo","Species","Mammalia","Carnivora","Felidae","Panthera","Panthera leo",0,NA,NA,NA,NA,1,NA,NA,NA,NA,1,NA,NA,NA
"551","ID_551","Men","Football","Africa","Angola","Sporting Clube Petróleos de Cabinda","Panthera leo","Species","Mammalia","Carnivora","Felidae","Panthera","Panthera leo",1,NA,NA,NA,NA,1,NA,NA,NA,NA,1,NA,NA,NA
"552","ID_552","Men","Basketball","Americas","Argentina","Argentino de Junín","Panthera leo","Species","Mammalia","Carnivora","Felidae","Panthera","Panthera leo",0,NA,NA,NA,NA,1,NA,NA,NA,NA,1,NA,NA,NA
"553","ID_553","Women","Basketball","Americas","Argentina","Ameghino","Panthera leo","Species","Mammalia","Carnivora","Felidae","Panthera","Panthera leo",0,NA,NA,NA,NA,1,NA,NA,NA,NA,1,NA,NA,NA
"554","ID_554","Men","Football","Americas","Argentina","Club Estudiantes de la Plata","Panthera leo","Species","Mammalia","Carnivora","Felidae","Panthera","Panthera leo",0,NA,NA,NA,NA,1,NA,NA,NA,NA,1,NA,NA,NA
"555","ID_555","Men","Football","Oceania","Australia","Brisbane Roar FC","Panthera leo","Species","Mammalia","Carnivora","Felidae","Panthera","Panthera leo",0,NA,NA,NA,NA,1,NA,NA,NA,NA,1,NA,NA,NA
"556","ID_556","Men","Football","Americas","Brazil","Fortaleza Esporte Clube","Panthera leo","Species","Mammalia","Carnivora","Felidae","Panthera","Panthera leo",0,NA,NA,NA,NA,1,NA,NA,NA,NA,1,NA,NA,NA
"557","ID_557","Men","Football","Americas","Brazil","Avaí FC","Panthera leo","Species","Mammalia","Carnivora","Felidae","Panthera","Panthera leo",0,NA,NA,NA,NA,1,NA,NA,NA,NA,1,NA,NA,NA
"558","ID_558","Men","Basketball","Americas","Brazil","Rio Claro Basquete","Panthera leo","Species","Mammalia","Carnivora","Felidae","Panthera","Panthera leo",0,NA,NA,NA,NA,1,NA,NA,NA,NA,1,NA,NA,NA
"559","ID_559","Men","American Football","Americas","Brazil","Remo Lions","Panthera leo","Species","Mammalia","Carnivora","Felidae","Panthera","Panthera leo",0,NA,NA,NA,NA,1,NA,NA,NA,NA,1,NA,NA,NA
"560","ID_560","Women","Football","Americas","Brazil","Avaí Futebol Clube","Panthera leo","Species","Mammalia","Carnivora","Felidae","Panthera","Panthera leo",0,NA,NA,NA,NA,1,NA,NA,NA,NA,1,NA,NA,NA
"561","ID_561","Men","Basketball","Americas","Canada","Niagara River Lions","Panthera leo","Species","Mammalia","Carnivora","Felidae","Panthera","Panthera leo",0,NA,NA,NA,NA,1,NA,NA,NA,NA,1,NA,NA,NA
"562","ID_562","Men","Basketball","Americas","Chile","Colegio Los Leones de Quilpué","Panthera leo","Species","Mammalia","Carnivora","Felidae","Panthera","Panthera leo",0,NA,NA,NA,NA,1,NA,NA,NA,NA,1,NA,NA,NA
"563","ID_563","Women","Football","Americas","Chile","Club Universidad de Chile","Panthera leo","Species","Mammalia","Carnivora","Felidae","Panthera","Panthera leo",0,NA,NA,NA,NA,1,NA,NA,NA,NA,1,NA,NA,NA
"564","ID_564","Men","Football","Asia","China","Guangzhou City FC","Panthera leo","Species","Mammalia","Carnivora","Felidae","Panthera","Panthera leo",0,NA,NA,NA,NA,1,NA,NA,NA,NA,1,NA,NA,NA
"565","ID_565","Men","Football","Asia","China","Cangzhou Mighty Lions FC","Panthera leo","Species","Mammalia","Carnivora","Felidae","Panthera","Panthera leo",0,NA,NA,NA,NA,1,NA,NA,NA,NA,1,NA,NA,NA
"566","ID_566","Men","Football","Asia","China","Meizhou Hakka FC","Panthera leo","Species","Mammalia","Carnivora","Felidae","Panthera","Panthera leo",0,NA,NA,NA,NA,1,NA,NA,NA,NA,1,NA,NA,NA
"567","ID_567","Men","Basketball","Asia","China","Guangzhou Loong Lions","Panthera leo","Species","Mammalia","Carnivora","Felidae","Panthera","Panthera leo",0,NA,NA,NA,NA,1,NA,NA,NA,NA,1,NA,NA,NA
"568","ID_568","Men","Basketball","Asia","China","Zhejiang Lions","Panthera leo","Species","Mammalia","Carnivora","Felidae","Panthera","Panthera leo",0,NA,NA,NA,NA,1,NA,NA,NA,NA,1,NA,NA,NA
"569","ID_569","Men","Baseball","Asia","China","Tianjin Lions","Panthera leo","Species","Mammalia","Carnivora","Felidae","Panthera","Panthera leo",0,NA,NA,NA,NA,1,NA,NA,NA,NA,1,NA,NA,NA
"570","ID_570","Women","Football","Asia","China","Meizhou Hakka FC","Panthera leo","Species","Mammalia","Carnivora","Felidae","Panthera","Panthera leo",0,NA,NA,NA,NA,1,NA,NA,NA,NA,1,NA,NA,NA
"571","ID_571","Men","Football","Americas","Colombia","Independiente Santa Fe","Panthera leo","Species","Mammalia","Carnivora","Felidae","Panthera","Panthera leo",0,NA,NA,NA,NA,1,NA,NA,NA,NA,1,NA,NA,NA
"572","ID_572","Men","Basketball","Americas","Colombia","Guerreros de Bogotá","Panthera leo","Species","Mammalia","Carnivora","Felidae","Panthera","Panthera leo",0,NA,NA,NA,NA,1,NA,NA,NA,NA,1,NA,NA,NA
"573","ID_573","Women","Football","Americas","Colombia","Independiente Santa Fe Femenino","Panthera leo","Species","Mammalia","Carnivora","Felidae","Panthera","Panthera leo",0,NA,NA,NA,NA,1,NA,NA,NA,NA,1,NA,NA,NA
"574","ID_574","Men","Football","Americas","Ecuador","Cumbayá Fútbol Club","Panthera leo","Species","Mammalia","Carnivora","Felidae","Panthera","Panthera leo",0,NA,NA,NA,NA,1,NA,NA,NA,NA,1,NA,NA,NA
"575","ID_575","Men","Football","Americas","Ecuador","CD Cuenca","Panthera leo","Species","Mammalia","Carnivora","Felidae","Panthera","Panthera leo",0,NA,NA,NA,NA,1,NA,NA,NA,NA,1,NA,NA,NA
"576","ID_576","Men","Football","Americas","Ecuador","Guayaquil City FC","Panthera leo","Species","Mammalia","Carnivora","Felidae","Panthera","Panthera leo",0,NA,NA,NA,NA,1,NA,NA,NA,NA,1,NA,NA,NA
"577","ID_577","Men","Football","Oceania","Fiji","Labasa FC","Panthera leo","Species","Mammalia","Carnivora","Felidae","Panthera","Panthera leo",0,NA,NA,NA,NA,1,NA,NA,NA,NA,1,NA,NA,NA
"578","ID_578","Men","Football","Europe","France","Olympique Lyonnais","Panthera leo","Species","Mammalia","Carnivora","Felidae","Panthera","Panthera leo",0,NA,NA,NA,NA,1,NA,NA,NA,NA,1,NA,NA,NA
"579","ID_579","Men","Basketball","Europe","France","Le Mans Sarthe Basket","Panthera leo","Species","Mammalia","Carnivora","Felidae","Panthera","Panthera leo",0,NA,NA,NA,NA,1,NA,NA,NA,NA,1,NA,NA,NA
"580","ID_580","Men","Rugby XV","Europe","France","Union Bordeaux Bègles","Panthera leo","Species","Mammalia","Carnivora","Felidae","Panthera","Panthera leo",0,NA,NA,NA,NA,1,NA,NA,NA,NA,1,NA,NA,NA
"581","ID_581","Men","Handball","Europe","France","Dunkerque Handball Grand Littoral","Panthera leo","Species","Mammalia","Carnivora","Felidae","Panthera","Panthera leo",0,NA,NA,NA,NA,1,NA,NA,NA,NA,1,NA,NA,NA
"582","ID_582","Women","Handball","Europe","France","Paris 92","Panthera leo","Species","Mammalia","Carnivora","Felidae","Panthera","Panthera leo",0,NA,NA,NA,NA,1,NA,NA,NA,NA,1,NA,NA,NA
"583","ID_583","Women","Handball","Europe","France","Handball Plan-de-Cuques","Panthera leo","Species","Mammalia","Carnivora","Felidae","Panthera","Panthera leo",0,NA,NA,NA,NA,1,NA,NA,NA,NA,1,NA,NA,NA
"584","ID_584","Men","Football","Europe","Germany","Bayer 04 Leverkusen","Panthera leo","Species","Mammalia","Carnivora","Felidae","Panthera","Panthera leo",0,NA,NA,NA,NA,1,NA,NA,NA,NA,1,NA,NA,NA
"585","ID_585","Men","Basketball","Europe","Germany","Basketball Löwen Braunschweig","Panthera leo","Species","Mammalia","Carnivora","Felidae","Panthera","Panthera leo",0,NA,NA,NA,NA,1,NA,NA,NA,NA,1,NA,NA,NA
"586","ID_586","Men","Volleyball","Europe","Germany","SVG Lüneburg	","Panthera leo","Species","Mammalia","Carnivora","Felidae","Panthera","Panthera leo",0,NA,NA,NA,NA,1,NA,NA,NA,NA,1,NA,NA,NA
"587","ID_587","Men","Handball","Europe","Germany","Bergischer Handball-Club 06 e.V.","Panthera leo","Species","Mammalia","Carnivora","Felidae","Panthera","Panthera leo",0,NA,NA,NA,NA,1,NA,NA,NA,NA,1,NA,NA,NA
"588","ID_588","Men","Handball","Europe","Germany","TSV Hannover-Burgdorf","Panthera leo","Species","Mammalia","Carnivora","Felidae","Panthera","Panthera leo",0,NA,NA,NA,NA,1,NA,NA,NA,NA,1,NA,NA,NA
"589","ID_589","Men","Handball","Europe","Germany","Rhein-Neckar Löwen","Panthera leo","Species","Mammalia","Carnivora","Felidae","Panthera","Panthera leo",0,NA,NA,NA,NA,1,NA,NA,NA,NA,1,NA,NA,NA
"590","ID_590","Men","Ice Hockey","Europe","Germany","Düsseldorfer EG","Panthera leo","Species","Mammalia","Carnivora","Felidae","Panthera","Panthera leo",0,NA,NA,NA,NA,1,NA,NA,NA,NA,1,NA,NA,NA
"591","ID_591","Men","Ice Hockey","Europe","Germany","Löwen Frankfurt","Panthera leo","Species","Mammalia","Carnivora","Felidae","Panthera","Panthera leo",0,NA,NA,NA,NA,1,NA,NA,NA,NA,1,NA,NA,NA
"592","ID_592","Women","Football","Europe","Germany","Bayer 04 Leverkusen","Panthera leo","Species","Mammalia","Carnivora","Felidae","Panthera","Panthera leo",0,NA,NA,NA,NA,1,NA,NA,NA,NA,1,NA,NA,NA
"593","ID_593","Women","Basketball","Europe","Germany","Gisa Lions MBC","Panthera leo","Species","Mammalia","Carnivora","Felidae","Panthera","Panthera leo",0,NA,NA,NA,NA,1,NA,NA,NA,NA,1,NA,NA,NA
"594","ID_594","Women","Basketball","Europe","Germany","Rheinland Lions","Panthera leo","Species","Mammalia","Carnivora","Felidae","Panthera","Panthera leo",0,NA,NA,NA,NA,1,NA,NA,NA,NA,1,NA,NA,NA
"595","ID_595","Men","Football","Africa","Ghana","Accra Lions FC","Panthera leo","Species","Mammalia","Carnivora","Felidae","Panthera","Panthera leo",0,NA,NA,NA,NA,1,NA,NA,NA,NA,1,NA,NA,NA
"596","ID_596","Men","Volleyball","Asia","India","Chennai Blitz","Panthera leo","Species","Mammalia","Carnivora","Felidae","Panthera","Panthera leo",1,NA,NA,NA,NA,1,NA,NA,NA,NA,1,NA,NA,NA
"597","ID_597","Men","Cricket","Asia","India","Chennai Super Kings","Panthera leo","Species","Mammalia","Carnivora","Felidae","Panthera","Panthera leo",1,NA,NA,NA,NA,1,NA,NA,NA,NA,1,NA,NA,NA
"598","ID_598","Men","Cricket","Asia","India","Punjab Kings","Panthera leo","Species","Mammalia","Carnivora","Felidae","Panthera","Panthera leo",1,NA,NA,NA,NA,1,NA,NA,NA,NA,1,NA,NA,NA
"599","ID_599","Men","Cricket","Asia","India","Rajasthan Royals","Panthera leo","Species","Mammalia","Carnivora","Felidae","Panthera","Panthera leo",1,NA,NA,NA,NA,1,NA,NA,NA,NA,1,NA,NA,NA
"600","ID_600","Men","Cricket","Asia","India","Royal Challengers Bangalore","Panthera leo","Species","Mammalia","Carnivora","Felidae","Panthera","Panthera leo",1,NA,NA,NA,NA,1,NA,NA,NA,NA,1,NA,NA,NA
"601","ID_601","Men","Cricket","Asia","India","Himachal Pradesh cricket team","Panthera leo","Species","Mammalia","Carnivora","Felidae","Panthera","Panthera leo",1,NA,NA,NA,NA,1,NA,NA,NA,NA,1,NA,NA,NA
"602","ID_602","Men","Cricket","Asia","India","Mumbai cricket team","Panthera leo","Species","Mammalia","Carnivora","Felidae","Panthera","Panthera leo",1,NA,NA,NA,NA,1,NA,NA,NA,NA,1,NA,NA,NA
"603","ID_603","Men","Cricket","Asia","India","Saurashtra cricket team","Panthera leo","Species","Mammalia","Carnivora","Felidae","Panthera","Panthera leo",1,NA,NA,NA,NA,1,NA,NA,NA,NA,1,NA,NA,NA
"604","ID_604","Women","Cricket","Asia","India","Royal Challengers Bangalore","Panthera leo","Species","Mammalia","Carnivora","Felidae","Panthera","Panthera leo",1,NA,NA,NA,NA,1,NA,NA,NA,NA,1,NA,NA,NA
"605","ID_605","Men","Football","Asia","Indonesia","Arema FC","Panthera leo","Species","Mammalia","Carnivora","Felidae","Panthera","Panthera leo",0,NA,NA,NA,NA,1,NA,NA,NA,NA,1,NA,NA,NA
"606","ID_606","Men","Football","Asia","Iran, Islamic Republic of","Naft Masjed Soleyman F.C.","Panthera leo","Species","Mammalia","Carnivora","Felidae","Panthera","Panthera leo",0,NA,NA,NA,NA,1,NA,NA,NA,NA,1,NA,NA,NA
"607","ID_607","Men","Football","Asia","Iran, Islamic Republic of","Sepahan SC","Panthera leo","Species","Mammalia","Carnivora","Felidae","Panthera","Panthera leo",0,NA,NA,NA,NA,1,NA,NA,NA,NA,1,NA,NA,NA
"608","ID_608","Men","Football","Asia","Israel","Beitar Jerusalem FC","Panthera leo","Species","Mammalia","Carnivora","Felidae","Panthera","Panthera leo",0,NA,NA,NA,NA,1,NA,NA,NA,NA,1,NA,NA,NA
"609","ID_609","Men","Football","Asia","Israel","Hapoel Ironi Kiryat Shmona F.C.","Panthera leo","Species","Mammalia","Carnivora","Felidae","Panthera","Panthera leo",0,NA,NA,NA,NA,1,NA,NA,NA,NA,1,NA,NA,NA
"611","ID_611","Men","Football","Europe","Italy","Venezia FC","Panthera leo","Species","Mammalia","Carnivora","Felidae","Panthera","Panthera leo",0,NA,NA,NA,NA,1,NA,NA,NA,NA,1,NA,NA,NA
"612","ID_612","Men","Basketball","Europe","Italy","Derthona Basket","Panthera leo","Species","Mammalia","Carnivora","Felidae","Panthera","Panthera leo",0,NA,NA,NA,NA,1,NA,NA,NA,NA,1,NA,NA,NA
"613","ID_613","Men","Basketball","Europe","Italy","Pallacanestro Brescia","Panthera leo","Species","Mammalia","Carnivora","Felidae","Panthera","Panthera leo",0,NA,NA,NA,NA,1,NA,NA,NA,NA,1,NA,NA,NA
"614","ID_614","Men","Basketball","Europe","Italy","Reyer Venezia","Panthera leo","Species","Mammalia","Carnivora","Felidae","Panthera","Panthera leo",0,NA,NA,NA,NA,1,NA,NA,NA,NA,1,NA,NA,NA
"615","ID_615","Men","Volleyball","Europe","Italy","Emma Villas Aubay Siena","Panthera leo","Species","Mammalia","Carnivora","Felidae","Panthera","Panthera leo",0,NA,NA,NA,NA,1,NA,NA,NA,NA,1,NA,NA,NA
"616","ID_616","Men","Rugby XV","Europe","Italy","Fiamme Oro","Panthera leo","Species","Mammalia","Carnivora","Felidae","Panthera","Panthera leo",0,NA,NA,NA,NA,1,NA,NA,NA,NA,1,NA,NA,NA
"617","ID_617","Men","Rugby XV","Europe","Italy","Mogliano Veneto Rugby","Panthera leo","Species","Mammalia","Carnivora","Felidae","Panthera","Panthera leo",0,NA,NA,NA,NA,1,NA,NA,NA,NA,1,NA,NA,NA
"618","ID_618","Men","Rugby XV","Europe","Italy","Benetton Rugby","Panthera leo","Species","Mammalia","Carnivora","Felidae","Panthera","Panthera leo",0,NA,NA,NA,NA,1,NA,NA,NA,NA,1,NA,NA,NA
"619","ID_619","Men","Rugby XV","Europe","Italy","Rugby Viadana","Panthera leo","Species","Mammalia","Carnivora","Felidae","Panthera","Panthera leo",0,NA,NA,NA,NA,1,NA,NA,NA,NA,1,NA,NA,NA
"620","ID_620","Men","Rugby XV","Europe","Italy","Rugby Lyons Piacenza","Panthera leo","Species","Mammalia","Carnivora","Felidae","Panthera","Panthera leo",0,NA,NA,NA,NA,1,NA,NA,NA,NA,1,NA,NA,NA
"621","ID_621","Men","Baseball","Asia","Japan","Saitama Seibu Lions","Panthera leo","Species","Mammalia","Carnivora","Felidae","Panthera","Panthera leo",0,NA,NA,NA,NA,1,NA,NA,NA,NA,1,NA,NA,NA
"622","ID_622","Women","Football","Asia","Japan","INAC Kobe Leonessa","Panthera leo","Species","Mammalia","Carnivora","Felidae","Panthera","Panthera leo",0,NA,NA,NA,NA,1,NA,NA,NA,NA,1,NA,NA,NA
"623","ID_623","Women","Football","Asia","Japan","AC Nagano Parceiro Ladies","Panthera leo","Species","Mammalia","Carnivora","Felidae","Panthera","Panthera leo",0,NA,NA,NA,NA,1,NA,NA,NA,NA,1,NA,NA,NA
"624","ID_624","Men","Football","Africa","Kenya","Bandari FC","Panthera leo","Species","Mammalia","Carnivora","Felidae","Panthera","Panthera leo",1,NA,NA,NA,NA,1,NA,NA,NA,NA,1,NA,NA,NA
"625","ID_625","Men","Football","Africa","Kenya","Kenya Commercial Bank SC","Panthera leo","Species","Mammalia","Carnivora","Felidae","Panthera","Panthera leo",1,NA,NA,NA,NA,1,NA,NA,NA,NA,1,NA,NA,NA
"626","ID_626","Men","Football","Africa","Kenya","Nairobi City Stars","Panthera leo","Species","Mammalia","Carnivora","Felidae","Panthera","Panthera leo",1,NA,NA,NA,NA,1,NA,NA,NA,NA,1,NA,NA,NA
"627","ID_627","Men","Football","Africa","Kenya","Sofapaka FC","Panthera leo","Species","Mammalia","Carnivora","Felidae","Panthera","Panthera leo",1,NA,NA,NA,NA,1,NA,NA,NA,NA,1,NA,NA,NA
"628","ID_628","Men","Football","Africa","Kenya","Wazito FC","Panthera leo","Species","Mammalia","Carnivora","Felidae","Panthera","Panthera leo",1,NA,NA,NA,NA,1,NA,NA,NA,NA,1,NA,NA,NA
"629","ID_629","Men","Baseball","Asia","Korea, Republic of","Samsung Lions","Panthera leo","Species","Mammalia","Carnivora","Felidae","Panthera","Panthera leo",0,NA,NA,NA,NA,1,NA,NA,NA,NA,1,NA,NA,NA
"630","ID_630","Men","Football","Americas","Mexico","Club León","Panthera leo","Species","Mammalia","Carnivora","Felidae","Panthera","Panthera leo",0,NA,NA,NA,NA,1,NA,NA,NA,NA,1,NA,NA,NA
"631","ID_631","Men","Football","Americas","Mexico","CD Guadalajara","Panthera leo","Species","Mammalia","Carnivora","Felidae","Panthera","Panthera leo",0,NA,NA,NA,NA,1,NA,NA,NA,NA,1,NA,NA,NA
"632","ID_632","Men","Baseball","Americas","Mexico","Leones de Yucatán","Panthera leo","Species","Mammalia","Carnivora","Felidae","Panthera","Panthera leo",0,NA,NA,NA,NA,1,NA,NA,NA,NA,1,NA,NA,NA
"633","ID_633","Women","Football","Americas","Mexico","Club León","Panthera leo","Species","Mammalia","Carnivora","Felidae","Panthera","Panthera leo",0,NA,NA,NA,NA,1,NA,NA,NA,NA,1,NA,NA,NA
"634","ID_634","Men","Football","Africa","Morocco","Rapid Club oued ZEM","Panthera leo","Species","Mammalia","Carnivora","Felidae","Panthera","Panthera leo",0,NA,NA,NA,NA,1,NA,NA,NA,NA,1,NA,NA,NA
"635","ID_635","Men","Football","Europe","Netherlands","RKC Waalwijk","Panthera leo","Species","Mammalia","Carnivora","Felidae","Panthera","Panthera leo",0,NA,NA,NA,NA,1,NA,NA,NA,NA,1,NA,NA,NA
"636","ID_636","Men","Basketball","Europe","Netherlands","Aris Leeuwarden","Panthera leo","Species","Mammalia","Carnivora","Felidae","Panthera","Panthera leo",0,NA,NA,NA,NA,1,NA,NA,NA,NA,1,NA,NA,NA
"637","ID_637","Women","Football","Europe","Netherlands","SC Telstar VVNH","Panthera leo","Species","Mammalia","Carnivora","Felidae","Panthera","Panthera leo",0,NA,NA,NA,NA,1,NA,NA,NA,NA,1,NA,NA,NA
"638","ID_638","Men","Cricket","Oceania","New Zealand","Wellington Firebirds","Panthera leo","Species","Mammalia","Carnivora","Felidae","Panthera","Panthera leo",0,NA,NA,NA,NA,1,NA,NA,NA,NA,1,NA,NA,NA
"639","ID_639","Men","Football","Americas","Peru","FBC Melgar","Panthera leo","Species","Mammalia","Carnivora","Felidae","Panthera","Panthera leo",0,NA,NA,NA,NA,1,NA,NA,NA,NA,1,NA,NA,NA
"640","ID_640","Men","Football","Americas","Peru","Sport Huancayo","Panthera leo","Species","Mammalia","Carnivora","Felidae","Panthera","Panthera leo",0,NA,NA,NA,NA,1,NA,NA,NA,NA,1,NA,NA,NA
"641","ID_641","Women","Football","Americas","Peru","Club Universitario de Deportes Femenino","Panthera leo","Species","Mammalia","Carnivora","Felidae","Panthera","Panthera leo",0,NA,NA,NA,NA,1,NA,NA,NA,NA,1,NA,NA,NA
"642","ID_642","Women","Football","Americas","Peru","FootBall Club Melgar Femenino","Panthera leo","Species","Mammalia","Carnivora","Felidae","Panthera","Panthera leo",0,NA,NA,NA,NA,1,NA,NA,NA,NA,1,NA,NA,NA
"643","ID_643","Men","Football","Europe","Poland","Lechia Gdańsk","Panthera leo","Species","Mammalia","Carnivora","Felidae","Panthera","Panthera leo",0,NA,NA,NA,NA,1,NA,NA,NA,NA,1,NA,NA,NA
"644","ID_644","Men","Volleyball","Europe","Poland","Trefl Gdańsk","Panthera leo","Species","Mammalia","Carnivora","Felidae","Panthera","Panthera leo",0,NA,NA,NA,NA,1,NA,NA,NA,NA,1,NA,NA,NA
"645","ID_645","Men","Basketball","Americas","Puerto Rico","Leones de Ponce","Panthera leo","Species","Mammalia","Carnivora","Felidae","Panthera","Panthera leo",0,NA,NA,NA,NA,1,NA,NA,NA,NA,1,NA,NA,NA
"646","ID_646","Men","Baseball","Americas","Puerto Rico","Leones de Ponce","Panthera leo","Species","Mammalia","Carnivora","Felidae","Panthera","Panthera leo",0,NA,NA,NA,NA,1,NA,NA,NA,NA,1,NA,NA,NA
"647","ID_647","Women","Volleyball","Americas","Puerto Rico","Leonas de Ponce","Panthera leo","Species","Mammalia","Carnivora","Felidae","Panthera","Panthera leo",0,NA,NA,NA,NA,1,NA,NA,NA,NA,1,NA,NA,NA
"648","ID_648","Men","Volleyball","Europe","Russian Federation","VC Belogorie","Panthera leo","Species","Mammalia","Carnivora","Felidae","Panthera","Panthera leo",0,NA,NA,NA,NA,1,NA,NA,NA,NA,1,NA,NA,NA
"649","ID_649","Women","Football","Europe","Russian Federation","Yenisey Krasnoyarsk","Panthera leo","Species","Mammalia","Carnivora","Felidae","Panthera","Panthera leo",0,NA,NA,NA,NA,1,NA,NA,NA,NA,1,NA,NA,NA
"650","ID_650","Men","Football","Asia","Saudi Arabia","Al-Shabab FC","Panthera leo","Species","Mammalia","Carnivora","Felidae","Panthera","Panthera leo",0,NA,NA,NA,NA,1,NA,NA,NA,NA,1,NA,NA,NA
"651","ID_651","Men","Basketball","Africa","South Africa","Limpopo Pride","Panthera leo","Species","Mammalia","Carnivora","Felidae","Panthera","Panthera leo",1,NA,NA,NA,NA,1,NA,NA,NA,NA,1,NA,NA,NA
"652","ID_652","Men","Cricket","Africa","South Africa","Joburg Super Kings","Panthera leo","Species","Mammalia","Carnivora","Felidae","Panthera","Panthera leo",1,NA,NA,NA,NA,1,NA,NA,NA,NA,1,NA,NA,NA
"653","ID_653","Men","Cricket","Africa","South Africa","Pretoria Capitals","Panthera leo","Species","Mammalia","Carnivora","Felidae","Panthera","Panthera leo",1,NA,NA,NA,NA,1,NA,NA,NA,NA,1,NA,NA,NA
"654","ID_654","Men","Cricket","Africa","South Africa","Imperial Lions","Panthera leo","Species","Mammalia","Carnivora","Felidae","Panthera","Panthera leo",1,NA,NA,NA,NA,1,NA,NA,NA,NA,1,NA,NA,NA
"655","ID_655","Men","Rugby XV","Africa","South Africa","Golden Lions","Panthera leo","Species","Mammalia","Carnivora","Felidae","Panthera","Panthera leo",1,NA,NA,NA,NA,1,NA,NA,NA,NA,1,NA,NA,NA
"656","ID_656","Men","Football","Europe","Spain","Athletic club","Panthera leo","Species","Mammalia","Carnivora","Felidae","Panthera","Panthera leo",0,NA,NA,NA,NA,1,NA,NA,NA,NA,1,NA,NA,NA
"657","ID_657","Men","Football","Europe","Spain","CA Osasuna","Panthera leo","Species","Mammalia","Carnivora","Felidae","Panthera","Panthera leo",0,NA,NA,NA,NA,1,NA,NA,NA,NA,1,NA,NA,NA
"658","ID_658","Men","Basketball","Europe","Spain","Basket Zaragoza","Panthera leo","Species","Mammalia","Carnivora","Felidae","Panthera","Panthera leo",0,NA,NA,NA,NA,1,NA,NA,NA,NA,1,NA,NA,NA
"659","ID_659","Men","Basketball","Europe","Spain","CB Breogán","Panthera leo","Species","Mammalia","Carnivora","Felidae","Panthera","Panthera leo",0,NA,NA,NA,NA,1,NA,NA,NA,NA,1,NA,NA,NA
"660","ID_660","Women","Football","Europe","Spain","Athletic Club","Panthera leo","Species","Mammalia","Carnivora","Felidae","Panthera","Panthera leo",0,NA,NA,NA,NA,1,NA,NA,NA,NA,1,NA,NA,NA
"661","ID_661","Women","Handball","Europe","Spain","Balonmano Zuazo","Panthera leo","Species","Mammalia","Carnivora","Felidae","Panthera","Panthera leo",0,NA,NA,NA,NA,1,NA,NA,NA,NA,1,NA,NA,NA
"662","ID_662","Men","Football","Europe","Sweden","IFK Göteborg","Panthera leo","Species","Mammalia","Carnivora","Felidae","Panthera","Panthera leo",0,NA,NA,NA,NA,1,NA,NA,NA,NA,1,NA,NA,NA
"663","ID_663","Men","Ice Hockey","Europe","Sweden","Linköping HC","Panthera leo","Species","Mammalia","Carnivora","Felidae","Panthera","Panthera leo",0,NA,NA,NA,NA,1,NA,NA,NA,NA,1,NA,NA,NA
"664","ID_664","Men","Ice Hockey","Europe","Sweden","Växjö Lakers","Panthera leo","Species","Mammalia","Carnivora","Felidae","Panthera","Panthera leo",0,NA,NA,NA,NA,1,NA,NA,NA,NA,1,NA,NA,NA
"665","ID_665","Women","Football","Europe","Sweden","Linköpings Fotboll Club","Panthera leo","Species","Mammalia","Carnivora","Felidae","Panthera","Panthera leo",0,NA,NA,NA,NA,1,NA,NA,NA,NA,1,NA,NA,NA
"666","ID_666","Women","Basketball","Europe","Sweden","Högsbo Basket","Panthera leo","Species","Mammalia","Carnivora","Felidae","Panthera","Panthera leo",0,NA,NA,NA,NA,1,NA,NA,NA,NA,1,NA,NA,NA
"667","ID_667","Women","Ice Hockey","Europe","Sweden","Göteborg HC","Panthera leo","Species","Mammalia","Carnivora","Felidae","Panthera","Panthera leo",0,NA,NA,NA,NA,1,NA,NA,NA,NA,1,NA,NA,NA
"668","ID_668","Women","Ice Hockey","Europe","Sweden","Linköping HC","Panthera leo","Species","Mammalia","Carnivora","Felidae","Panthera","Panthera leo",0,NA,NA,NA,NA,1,NA,NA,NA,NA,1,NA,NA,NA
"669","ID_669","Men","Football","Europe","Switzerland","FC Zürich","Panthera leo","Species","Mammalia","Carnivora","Felidae","Panthera","Panthera leo",0,NA,NA,NA,NA,1,NA,NA,NA,NA,1,NA,NA,NA
"670","ID_670","Men","Football","Europe","Switzerland","FC Luzern","Panthera leo","Species","Mammalia","Carnivora","Felidae","Panthera","Panthera leo",0,NA,NA,NA,NA,1,NA,NA,NA,NA,1,NA,NA,NA
"671","ID_671","Men","Basketball","Europe","Switzerland","Lions de Genève","Panthera leo","Species","Mammalia","Carnivora","Felidae","Panthera","Panthera leo",0,NA,NA,NA,NA,1,NA,NA,NA,NA,1,NA,NA,NA
"672","ID_672","Men","Ice Hockey","Europe","Switzerland","Lausanne Hockey Club","Panthera leo","Species","Mammalia","Carnivora","Felidae","Panthera","Panthera leo",0,NA,NA,NA,NA,1,NA,NA,NA,NA,1,NA,NA,NA
"673","ID_673","Men","Ice Hockey","Europe","Switzerland","Zürcher Schlittschuh Club Lions","Panthera leo","Species","Mammalia","Carnivora","Felidae","Panthera","Panthera leo",0,NA,NA,NA,NA,1,NA,NA,NA,NA,1,NA,NA,NA
"674","ID_674","Men","Football","Africa","Tanzania, United Republic of","Simba Sports Club","Panthera leo","Species","Mammalia","Carnivora","Felidae","Panthera","Panthera leo",1,NA,NA,NA,NA,1,NA,NA,NA,NA,1,NA,NA,NA
"675","ID_675","Men","Football","Asia","Thailand","Port FC","Panthera leo","Species","Mammalia","Carnivora","Felidae","Panthera","Panthera leo",0,NA,NA,NA,NA,1,NA,NA,NA,NA,1,NA,NA,NA
"676","ID_676","Men","Football","Asia","Turkey","Galatasaray","Panthera leo","Species","Mammalia","Carnivora","Felidae","Panthera","Panthera leo",0,NA,NA,NA,NA,1,NA,NA,NA,NA,1,NA,NA,NA
"677","ID_677","Men","Basketball","Asia","Turkey","Galatasaray S.K.","Panthera leo","Species","Mammalia","Carnivora","Felidae","Panthera","Panthera leo",0,NA,NA,NA,NA,1,NA,NA,NA,NA,1,NA,NA,NA
"678","ID_678","Women","Football","Asia","Turkey","Galatasaray Kadın Futbol Takımı","Panthera leo","Species","Mammalia","Carnivora","Felidae","Panthera","Panthera leo",0,NA,NA,NA,NA,1,NA,NA,NA,NA,1,NA,NA,NA
"679","ID_679","Men","Rugby XV","Europe","United Kingdom","Gloucester Rugby","Panthera leo","Species","Mammalia","Carnivora","Felidae","Panthera","Panthera leo",0,NA,NA,NA,NA,1,NA,NA,NA,NA,1,NA,NA,NA
"680","ID_680","Men","Football","Europe","United Kingdom","Aston Villa","Panthera leo","Species","Mammalia","Carnivora","Felidae","Panthera","Panthera leo",0,NA,NA,NA,NA,1,NA,NA,NA,NA,1,NA,NA,NA
"681","ID_681","Men","Football","Europe","United Kingdom","Chelsea FC","Panthera leo","Species","Mammalia","Carnivora","Felidae","Panthera","Panthera leo",0,NA,NA,NA,NA,1,NA,NA,NA,NA,1,NA,NA,NA
"682","ID_682","Men","Football","Europe","United Kingdom","Burnley FC","Panthera leo","Species","Mammalia","Carnivora","Felidae","Panthera","Panthera leo",0,NA,NA,NA,NA,1,NA,NA,NA,NA,1,NA,NA,NA
"683","ID_683","Men","Basketball","Europe","United Kingdom","London Lions","Panthera leo","Species","Mammalia","Carnivora","Felidae","Panthera","Panthera leo",0,NA,NA,NA,NA,1,NA,NA,NA,NA,1,NA,NA,NA
"684","ID_684","Men","Cricket","Europe","United Kingdom","Durham County Cricket Club","Panthera leo","Species","Mammalia","Carnivora","Felidae","Panthera","Panthera leo",0,NA,NA,NA,NA,1,NA,NA,NA,NA,1,NA,NA,NA
"685","ID_685","Men","Cricket","Europe","United Kingdom","Gloucestershire County Cricket Club","Panthera leo","Species","Mammalia","Carnivora","Felidae","Panthera","Panthera leo",0,NA,NA,NA,NA,1,NA,NA,NA,NA,1,NA,NA,NA
"686","ID_686","Women","Football","Europe","United Kingdom","Aston Villa WFC","Panthera leo","Species","Mammalia","Carnivora","Felidae","Panthera","Panthera leo",0,NA,NA,NA,NA,1,NA,NA,NA,NA,1,NA,NA,NA
"687","ID_687","Women","Football","Europe","United Kingdom","Chelsea FC Women","Panthera leo","Species","Mammalia","Carnivora","Felidae","Panthera","Panthera leo",0,NA,NA,NA,NA,1,NA,NA,NA,NA,1,NA,NA,NA
"688","ID_688","Women","Football","Europe","United Kingdom","Reading FC Women","Panthera leo","Species","Mammalia","Carnivora","Felidae","Panthera","Panthera leo",0,NA,NA,NA,NA,1,NA,NA,NA,NA,1,NA,NA,NA
"689","ID_689","Men","Football","Americas","United States","Orlando City SC","Panthera leo","Species","Mammalia","Carnivora","Felidae","Panthera","Panthera leo",0,NA,NA,NA,NA,1,NA,NA,NA,NA,1,NA,NA,NA
"690","ID_690","Men","Football","Americas","United States","FC Cincinnati","Panthera leo","Species","Mammalia","Carnivora","Felidae","Panthera","Panthera leo",0,NA,NA,NA,NA,1,NA,NA,NA,NA,1,NA,NA,NA
"691","ID_691","Men","American Football","Americas","United States","Detroit Lions","Panthera leo","Species","Mammalia","Carnivora","Felidae","Panthera","Panthera leo",0,NA,NA,NA,NA,1,NA,NA,NA,NA,1,NA,NA,NA
"692","ID_692","Women","Football","Americas","United States","North Carolina Courage","Panthera leo","Species","Mammalia","Carnivora","Felidae","Panthera","Panthera leo",0,NA,NA,NA,NA,1,NA,NA,NA,NA,1,NA,NA,NA
"693","ID_693","Women","Football","Americas","United States","OL Reign","Panthera leo","Species","Mammalia","Carnivora","Felidae","Panthera","Panthera leo",0,NA,NA,NA,NA,1,NA,NA,NA,NA,1,NA,NA,NA
"694","ID_694","Women","Ice Hockey","Americas","United States","Boston Pride","Panthera leo","Species","Mammalia","Carnivora","Felidae","Panthera","Panthera leo",0,NA,NA,NA,NA,1,NA,NA,NA,NA,1,NA,NA,NA
"695","ID_695","Men","Handball","Americas","Brazil","Carajás Handebol","Panthera onca","Species","Mammalia","Carnivora","Felidae","Panthera","Panthera onca",1,NA,NA,NA,NA,NA,1,NA,NA,NA,1,NA,NA,NA
"696","ID_696","Men","Football","Americas","Colombia","Jaguares de Córdoba F.C","Panthera onca","Species","Mammalia","Carnivora","Felidae","Panthera","Panthera onca",1,NA,NA,NA,NA,NA,1,NA,NA,NA,1,NA,NA,NA
"697","ID_697","Men","Basketball","Americas","Mexico","Panteras de Aguascalientes","Panthera onca","Species","Mammalia","Carnivora","Felidae","Panthera","Panthera onca",1,NA,NA,NA,NA,NA,1,NA,NA,NA,1,NA,NA,NA
"698","ID_698","Men","American Football","Americas","United States","Jacksonville Jaguars","Panthera onca","Species","Mammalia","Carnivora","Felidae","Panthera","Panthera onca",1,NA,NA,NA,NA,NA,1,NA,NA,NA,1,NA,NA,NA
"699","ID_699","Men","American Football","Americas","United States","Carolina Panthers","Panthera onca","Species","Mammalia","Carnivora","Felidae","Panthera","Panthera onca",1,NA,NA,NA,NA,NA,1,NA,NA,NA,1,NA,NA,NA
"700","ID_700","Men","Rugby XIII","Oceania","Australia","Penrith Panthers","Panthera pardus","Species","Mammalia","Carnivora","Felidae","Panthera","Panthera pardus",0,NA,NA,NA,NA,1,NA,NA,NA,NA,1,NA,NA,NA
"701","ID_701","Men","Basketball","Asia","China","Liaoning Flying Leopards","Panthera pardus","Species","Mammalia","Carnivora","Felidae","Panthera","Panthera pardus",1,NA,NA,NA,NA,1,NA,NA,NA,NA,1,NA,NA,NA
"702","ID_702","Men","Basketball","Asia","China","Shenzhen Leopards","Panthera pardus","Species","Mammalia","Carnivora","Felidae","Panthera","Panthera pardus",1,NA,NA,NA,NA,1,NA,NA,NA,NA,1,NA,NA,NA
"703","ID_703","Men","Baseball","Asia","China","Guangdong Leopards","Panthera pardus","Species","Mammalia","Carnivora","Felidae","Panthera","Panthera pardus",1,NA,NA,NA,NA,1,NA,NA,NA,NA,1,NA,NA,NA
"704","ID_704","Men","Football","Americas","Colombia","Atlético Bucaramanga","Panthera pardus","Species","Mammalia","Carnivora","Felidae","Panthera","Panthera pardus",0,NA,NA,NA,NA,1,NA,NA,NA,NA,1,NA,NA,NA
"705","ID_705","Men","Football","Americas","Colombia","Atlético Bucaramanga","Panthera pardus","Species","Mammalia","Carnivora","Felidae","Panthera","Panthera pardus",0,NA,NA,NA,NA,1,NA,NA,NA,NA,1,NA,NA,NA
"706","ID_706","Women","Football","Americas","Colombia","Atlético Bucaramanga Femenino","Panthera pardus","Species","Mammalia","Carnivora","Felidae","Panthera","Panthera pardus",0,NA,NA,NA,NA,1,NA,NA,NA,NA,1,NA,NA,NA
"707","ID_707","Men","Rugby XIII","Europe","France","Villeneuve XIII rugby league","Panthera pardus","Species","Mammalia","Carnivora","Felidae","Panthera","Panthera pardus",0,NA,NA,NA,NA,1,NA,NA,NA,NA,1,NA,NA,NA
"708","ID_708","Women","Volleyball","Europe","France","Volleyball Club Chamalières","Panthera pardus","Species","Mammalia","Carnivora","Felidae","Panthera","Panthera pardus",0,NA,NA,NA,NA,1,NA,NA,NA,NA,1,NA,NA,NA
"709","ID_709","Men","Ice Hockey","Europe","Germany","Augsburger Panther","Panthera pardus","Species","Mammalia","Carnivora","Felidae","Panthera","Panthera pardus",0,NA,NA,NA,NA,1,NA,NA,NA,NA,1,NA,NA,NA
"710","ID_710","Men","Ice Hockey","Europe","Germany","ERC Ingolstadt","Panthera pardus","Species","Mammalia","Carnivora","Felidae","Panthera","Panthera pardus",0,NA,NA,NA,NA,1,NA,NA,NA,NA,1,NA,NA,NA
"711","ID_711","Women","Basketball","Europe","Germany","GiroLive-Panthers Osnabrück","Panthera pardus","Species","Mammalia","Carnivora","Felidae","Panthera","Panthera pardus",0,NA,NA,NA,NA,1,NA,NA,NA,NA,1,NA,NA,NA
"712","ID_712","Women","Football","Europe","Italy","Pomigliano CF","Panthera pardus","Species","Mammalia","Carnivora","Felidae","Panthera","Panthera pardus",0,NA,NA,NA,NA,1,NA,NA,NA,NA,1,NA,NA,NA
"713","ID_713","Women","Volleyball","Europe","Italy","Imoco Volley","Panthera pardus","Species","Mammalia","Carnivora","Felidae","Panthera","Panthera pardus",0,NA,NA,NA,NA,1,NA,NA,NA,NA,1,NA,NA,NA
"714","ID_714","Men","Volleyball","Asia","Japan","Panasonic Panthers","Panthera pardus","Species","Mammalia","Carnivora","Felidae","Panthera","Panthera pardus",0,NA,NA,NA,NA,1,NA,NA,NA,NA,1,NA,NA,NA
"715","ID_715","Men","Football","Africa","Kenya","AFC Leopards","Panthera pardus","Species","Mammalia","Carnivora","Felidae","Panthera","Panthera pardus",1,NA,NA,NA,NA,1,NA,NA,NA,NA,1,NA,NA,NA
"716","ID_716","Men","Ice Hockey","Europe","Netherlands","Zoetermeer Panters","Panthera pardus","Species","Mammalia","Carnivora","Felidae","Panthera","Panthera pardus",0,NA,NA,NA,NA,1,NA,NA,NA,NA,1,NA,NA,NA
"717","ID_717","Men","Ice Hockey","Europe","Russian Federation","HK Sotchi","Panthera pardus","Species","Mammalia","Carnivora","Felidae","Panthera","Panthera pardus",1,NA,NA,NA,NA,1,NA,NA,NA,NA,1,NA,NA,NA
"718","ID_718","Women","Basketball","Europe","Russian Federation","Peresvet Southern Federal University","Panthera pardus","Species","Mammalia","Carnivora","Felidae","Panthera","Panthera pardus",1,NA,NA,NA,NA,1,NA,NA,NA,NA,1,NA,NA,NA
"719","ID_719","Men","Basketball","Africa","South Africa","Soweto Panthers","Panthera pardus","Species","Mammalia","Carnivora","Felidae","Panthera","Panthera pardus",1,NA,NA,NA,NA,1,NA,NA,NA,NA,1,NA,NA,NA
"720","ID_720","Men","Rugby XV","Africa","South Africa","Leopards","Panthera pardus","Species","Mammalia","Carnivora","Felidae","Panthera","Panthera pardus",1,NA,NA,NA,NA,1,NA,NA,NA,NA,1,NA,NA,NA
"721","ID_721","Men","Basketball","Asia","Turkey","Darüşşafaka Basketbol","Panthera pardus","Species","Mammalia","Carnivora","Felidae","Panthera","Panthera pardus",1,NA,NA,NA,NA,1,NA,NA,NA,NA,1,NA,NA,NA
"722","ID_722","Men","Rugby XIII","Europe","United Kingdom","Leigh Leopards","Panthera pardus","Species","Mammalia","Carnivora","Felidae","Panthera","Panthera pardus",0,NA,NA,NA,NA,1,NA,NA,NA,NA,1,NA,NA,NA
"723","ID_723","Men","Ice Hockey","Europe","United Kingdom","Nottingham Panthers","Panthera pardus","Species","Mammalia","Carnivora","Felidae","Panthera","Panthera pardus",0,NA,NA,NA,NA,1,NA,NA,NA,NA,1,NA,NA,NA
"724","ID_724","Men","Rugby XIII","Oceania","Australia","Wests Tigers","Panthera tigris","Species","Mammalia","Carnivora","Felidae","Panthera","Panthera tigris",0,NA,NA,NA,1,NA,NA,NA,NA,NA,1,NA,NA,NA
"725","ID_725","Men","American Football","Americas","Canada","Hamilton Tiger-Cats","Panthera tigris","Species","Mammalia","Carnivora","Felidae","Panthera","Panthera tigris",0,NA,NA,NA,1,NA,NA,NA,NA,NA,1,NA,NA,NA
"726","ID_726","Men","Football","Asia","China","Guangzhou FC","Panthera tigris","Species","Mammalia","Carnivora","Felidae","Panthera","Panthera tigris",1,NA,NA,NA,1,NA,NA,NA,NA,NA,1,NA,NA,NA
"727","ID_727","Men","Football","Asia","China","Tianjin Jinmen Tiger FC","Panthera tigris","Species","Mammalia","Carnivora","Felidae","Panthera","Panthera tigris",1,NA,NA,NA,1,NA,NA,NA,NA,NA,1,NA,NA,NA
"728","ID_728","Men","Football","Asia","China","Wuhan Three Towns","Panthera tigris","Species","Mammalia","Carnivora","Felidae","Panthera","Panthera tigris",1,NA,NA,NA,1,NA,NA,NA,NA,NA,1,NA,NA,NA
"729","ID_729","Men","Basketball","Asia","China","Jilin Northeast Tigers","Panthera tigris","Species","Mammalia","Carnivora","Felidae","Panthera","Panthera tigris",1,NA,NA,NA,1,NA,NA,NA,NA,NA,1,NA,NA,NA
"730","ID_730","Men","Basketball","Asia","China","Xinjiang Flying Tigers","Panthera tigris","Species","Mammalia","Carnivora","Felidae","Panthera","Panthera tigris",1,NA,NA,NA,1,NA,NA,NA,NA,NA,1,NA,NA,NA
"731","ID_731","Men","Basketball","Asia","China","Guangdong Southern Tigers","Panthera tigris","Species","Mammalia","Carnivora","Felidae","Panthera","Panthera tigris",1,NA,NA,NA,1,NA,NA,NA,NA,NA,1,NA,NA,NA
"732","ID_732","Men","Baseball","Asia","China","Beijing Tigers","Panthera tigris","Species","Mammalia","Carnivora","Felidae","Panthera","Panthera tigris",1,NA,NA,NA,1,NA,NA,NA,NA,NA,1,NA,NA,NA
"733","ID_733","Men","Baseball","Americas","Colombia","Tigres de Cartagena","Panthera tigris","Species","Mammalia","Carnivora","Felidae","Panthera","Panthera tigris",0,NA,NA,NA,1,NA,NA,NA,NA,NA,1,NA,NA,NA
"734","ID_734","Men","Football","Africa","Ethiopia","Hadiya Hossana F.C.","Panthera tigris","Species","Mammalia","Carnivora","Felidae","Panthera","Panthera tigris",0,NA,NA,NA,1,NA,NA,NA,NA,NA,1,NA,NA,NA
"735","ID_735","Men","Football","Oceania","Fiji","Rewa FC","Panthera tigris","Species","Mammalia","Carnivora","Felidae","Panthera","Panthera tigris",0,NA,NA,NA,1,NA,NA,NA,NA,NA,1,NA,NA,NA
"736","ID_736","Men","Rugby XIII","Europe","France","Albi Rugby League XIII","Panthera tigris","Species","Mammalia","Carnivora","Felidae","Panthera","Panthera tigris",0,NA,NA,NA,1,NA,NA,NA,NA,NA,1,NA,NA,NA
"737","ID_737","Women","Basketball","Europe","France","Roche Vendée Basket Club","Panthera tigris","Species","Mammalia","Carnivora","Felidae","Panthera","Panthera tigris",0,NA,NA,NA,1,NA,NA,NA,NA,NA,1,NA,NA,NA
"738","ID_738","Men","Ice Hockey","Europe","Germany","Nürnberg Ice Tigers","Panthera tigris","Species","Mammalia","Carnivora","Felidae","Panthera","Panthera tigris",0,NA,NA,NA,1,NA,NA,NA,NA,NA,1,NA,NA,NA
"739","ID_739","Men","Ice Hockey","Europe","Germany","Straubing Tigers","Panthera tigris","Species","Mammalia","Carnivora","Felidae","Panthera","Panthera tigris",0,NA,NA,NA,1,NA,NA,NA,NA,NA,1,NA,NA,NA
"740","ID_740","Women","Handball","Europe","Germany","VfL Waiblingen Handball","Panthera tigris","Species","Mammalia","Carnivora","Felidae","Panthera","Panthera tigris",0,NA,NA,NA,1,NA,NA,NA,NA,NA,1,NA,NA,NA
"741","ID_741","Men","Football","Africa","Ghana","Kotoku Royals FC","Panthera tigris","Species","Mammalia","Carnivora","Felidae","Panthera","Panthera tigris",0,NA,NA,NA,1,NA,NA,NA,NA,NA,1,NA,NA,NA
"742","ID_742","Men","Volleyball","Asia","India","Kolkata Thunderbolts","Panthera tigris","Species","Mammalia","Carnivora","Felidae","Panthera","Panthera tigris",1,NA,NA,NA,1,NA,NA,NA,NA,NA,1,NA,NA,NA
"743","ID_743","Men","Cricket","Asia","India","Delhi Capitals","Panthera tigris","Species","Mammalia","Carnivora","Felidae","Panthera","Panthera tigris",1,NA,NA,NA,1,NA,NA,NA,NA,NA,1,NA,NA,NA
"744","ID_744","Men","Cricket","Asia","India","Bengal cricket team","Panthera tigris","Species","Mammalia","Carnivora","Felidae","Panthera","Panthera tigris",1,NA,NA,NA,1,NA,NA,NA,NA,NA,1,NA,NA,NA
"745","ID_745","Women","Cricket","Asia","India","Delhi Capitals","Panthera tigris","Species","Mammalia","Carnivora","Felidae","Panthera","Panthera tigris",1,NA,NA,NA,1,NA,NA,NA,NA,NA,1,NA,NA,NA
"746","ID_746","Women","Cricket","Asia","India","Gujarat Giants","Panthera tigris","Species","Mammalia","Carnivora","Felidae","Panthera","Panthera tigris",1,NA,NA,NA,1,NA,NA,NA,NA,NA,1,NA,NA,NA
"747","ID_747","Men","Football","Asia","Indonesia","Persib Bandung","Panthera tigris","Species","Mammalia","Carnivora","Felidae","Panthera","Panthera tigris",1,NA,NA,NA,1,NA,NA,NA,NA,NA,1,NA,NA,NA
"748","ID_748","Men","Football","Asia","Indonesia","Persija Jakarta","Panthera tigris","Species","Mammalia","Carnivora","Felidae","Panthera","Panthera tigris",1,NA,NA,NA,1,NA,NA,NA,NA,NA,1,NA,NA,NA
"749","ID_749","Men","Football","Asia","Indonesia","Persiraja Banda Aceh","Panthera tigris","Species","Mammalia","Carnivora","Felidae","Panthera","Panthera tigris",1,NA,NA,NA,1,NA,NA,NA,NA,NA,1,NA,NA,NA
"750","ID_750","Men","Football","Asia","Indonesia","Persik Kediri","Panthera tigris","Species","Mammalia","Carnivora","Felidae","Panthera","Panthera tigris",1,NA,NA,NA,1,NA,NA,NA,NA,NA,1,NA,NA,NA
"751","ID_751","Men","Football","Asia","Iran, Islamic Republic of","F.C. Nassaji Mazandaran","Panthera tigris","Species","Mammalia","Carnivora","Felidae","Panthera","Panthera tigris",0,NA,NA,NA,1,NA,NA,NA,NA,NA,1,NA,NA,NA
"752","ID_752","Men","Basketball","Asia","Israel","Hapoel Holon B.C.","Panthera tigris","Species","Mammalia","Carnivora","Felidae","Panthera","Panthera tigris",0,NA,NA,NA,1,NA,NA,NA,NA,NA,1,NA,NA,NA
"753","ID_753","Women","Volleyball","Europe","Italy","Megabox Ondulati del Savio Vallefoglia","Panthera tigris","Species","Mammalia","Carnivora","Felidae","Panthera","Panthera tigris",0,NA,NA,NA,1,NA,NA,NA,NA,NA,1,NA,NA,NA
"754","ID_754","Men","Baseball","Asia","Japan","Hanshin Tigers","Panthera tigris","Species","Mammalia","Carnivora","Felidae","Panthera","Panthera tigris",0,NA,NA,NA,1,NA,NA,NA,NA,NA,1,NA,NA,NA
"755","ID_755","Men","Football","Asia","Korea, Republic of","Ulsan Hyundai FC","Panthera tigris","Species","Mammalia","Carnivora","Felidae","Panthera","Panthera tigris",0,NA,NA,NA,1,NA,NA,NA,NA,NA,1,NA,NA,NA
"756","ID_756","Men","Baseball","Asia","Korea, Republic of","Kia Tigers","Panthera tigris","Species","Mammalia","Carnivora","Felidae","Panthera","Panthera tigris",0,NA,NA,NA,1,NA,NA,NA,NA,NA,1,NA,NA,NA
"757","ID_757","Men","Football","Americas","Mexico","Tigres UANL","Panthera tigris","Species","Mammalia","Carnivora","Felidae","Panthera","Panthera tigris",0,NA,NA,NA,1,NA,NA,NA,NA,NA,1,NA,NA,NA
"758","ID_758","Men","Baseball","Americas","Mexico","Tigres de Quintana Roo","Panthera tigris","Species","Mammalia","Carnivora","Felidae","Panthera","Panthera tigris",0,NA,NA,NA,1,NA,NA,NA,NA,NA,1,NA,NA,NA
"759","ID_759","Women","Football","Americas","Mexico","Tigres UANL","Panthera tigris","Species","Mammalia","Carnivora","Felidae","Panthera","Panthera tigris",0,NA,NA,NA,1,NA,NA,NA,NA,NA,1,NA,NA,NA
"760","ID_760","Men","Football","Africa","Morocco","Maghreb Association Sportive de Fès","Panthera tigris","Species","Mammalia","Carnivora","Felidae","Panthera","Panthera tigris",0,NA,NA,NA,1,NA,NA,NA,NA,NA,1,NA,NA,NA
"761","ID_761","Men","Basketball","Africa","Morocco","MAS Fès","Panthera tigris","Species","Mammalia","Carnivora","Felidae","Panthera","Panthera tigris",0,NA,NA,NA,1,NA,NA,NA,NA,NA,1,NA,NA,NA
"762","ID_762","Men","Ice Hockey","Europe","Russian Federation","Amur Khabarovsk","Panthera tigris","Species","Mammalia","Carnivora","Felidae","Panthera","Panthera tigris",1,NA,NA,NA,1,NA,NA,NA,NA,NA,1,NA,NA,NA
"763","ID_763","Men","Football","Asia","Saudi Arabia","Al-Ittihad Club","Panthera tigris","Species","Mammalia","Carnivora","Felidae","Panthera","Panthera tigris",0,NA,NA,NA,1,NA,NA,NA,NA,NA,1,NA,NA,NA
"764","ID_764","Men","Basketball","Europe","Switzerland","Lugano Tigers","Panthera tigris","Species","Mammalia","Carnivora","Felidae","Panthera","Panthera tigris",0,NA,NA,NA,1,NA,NA,NA,NA,NA,1,NA,NA,NA
"765","ID_765","Men","Ice Hockey","Europe","Switzerland","Schlittschuh Club Langnau Tigers","Panthera tigris","Species","Mammalia","Carnivora","Felidae","Panthera","Panthera tigris",0,NA,NA,NA,1,NA,NA,NA,NA,NA,1,NA,NA,NA
"766","ID_766","Men","Volleyball","Asia","Thailand","Payak Sensei","Panthera tigris","Species","Mammalia","Carnivora","Felidae","Panthera","Panthera tigris",1,NA,NA,NA,1,NA,NA,NA,NA,NA,1,NA,NA,NA
"767","ID_767","Women","Volleyball","Asia","Thailand","Proflex Volleyball Club","Panthera tigris","Species","Mammalia","Carnivora","Felidae","Panthera","Panthera tigris",1,NA,NA,NA,1,NA,NA,NA,NA,NA,1,NA,NA,NA
"768","ID_768","Women","Volleyball","Asia","Thailand","Rangsit University Volleyball Club","Panthera tigris","Species","Mammalia","Carnivora","Felidae","Panthera","Panthera tigris",1,NA,NA,NA,1,NA,NA,NA,NA,NA,1,NA,NA,NA
"769","ID_769","Men","Rugby XV","Europe","United Kingdom","Leicester Tigers","Panthera tigris","Species","Mammalia","Carnivora","Felidae","Panthera","Panthera tigris",0,NA,NA,NA,1,NA,NA,NA,NA,NA,1,NA,NA,NA
"770","ID_770","Men","Rugby XIII","Europe","United Kingdom","Castleford Tigers","Panthera tigris","Species","Mammalia","Carnivora","Felidae","Panthera","Panthera tigris",0,NA,NA,NA,1,NA,NA,NA,NA,NA,1,NA,NA,NA
"771","ID_771","Men","American Football","Americas","United States","Cincinnati Bengals","Panthera tigris","Species","Mammalia","Carnivora","Felidae","Panthera","Panthera tigris",0,NA,NA,NA,1,NA,NA,NA,NA,NA,1,NA,NA,NA
"772","ID_772","Men","Baseball","Americas","United States","Detroit Tigers","Panthera tigris","Species","Mammalia","Carnivora","Felidae","Panthera","Panthera tigris",0,NA,NA,NA,1,NA,NA,NA,NA,NA,1,NA,NA,NA
"773","ID_773","Men","Football","Europe","Russian Federation","PFC Sochi","Panthera uncia","Species","Mammalia","Carnivora","Felidae","Panthera","Panthera uncia",NA,NA,NA,NA,NA,NA,NA,NA,NA,NA,NA,NA,NA,NA
"774","ID_774","Men","Ice Hockey","Europe","Russian Federation","Ak Bars","Panthera uncia","Species","Mammalia","Carnivora","Felidae","Panthera","Panthera uncia",NA,NA,NA,NA,NA,NA,NA,NA,NA,NA,NA,NA,NA,NA
"780","ID_780","Men","Basketball","Americas","United States","New Orleans Pelicans","Pelecanus onocrotalus","Species","Aves","Pelecaniformes","Pelecanidae","Pelecanus","Pelecanus onocrotalus",0,NA,NA,NA,NA,NA,NA,1,NA,NA,NA,NA,NA,1
"781","ID_781","Men","Rugby XV","Oceania","Australia","Queensland Reds","Phascolarctos cinereus","Species","Mammalia","Diprotodontia","Phascolarctidae","Phascolarctos","Phascolarctos cinereus",NA,NA,NA,NA,NA,NA,NA,NA,NA,NA,NA,NA,NA,NA
"782","ID_782","Women","Basketball","Asia","Japan","Mitsubishi Electric Koalas","Phascolarctos cinereus","Species","Mammalia","Diprotodontia","Phascolarctidae","Phascolarctos","Phascolarctos cinereus",NA,NA,NA,NA,NA,NA,NA,NA,NA,NA,NA,NA,NA,NA
"783","ID_783","Men","Baseball","Europe","Germany","Berlin Flamingos","Phoenicopterus roseus","Species","Aves","Phoenicopteriformes","Phoenicopteridae","Phoenicopterus","Phoenicopterus roseus",NA,NA,NA,NA,NA,NA,NA,NA,NA,NA,NA,NA,NA,NA
"786","ID_786","Men","Football","Europe","United Kingdom","Newcastle United FC","Pica pica","Species","Aves","Passeriformes","Corvidae","Pica","Pica pica",1,NA,NA,NA,NA,NA,NA,1,NA,NA,NA,NA,1,NA
"790","ID_790","Men","American Football","Americas","Canada","BC Lions","Puma concolor","Species","Mammalia","Carnivora","Felidae","Puma","Puma concolor",1,NA,NA,NA,NA,NA,NA,1,NA,NA,1,NA,NA,NA
"791","ID_791","Men","Football","Americas","Chile","CD Antofagasta","Puma concolor","Species","Mammalia","Carnivora","Felidae","Puma","Puma concolor",1,NA,NA,NA,NA,NA,NA,1,NA,NA,1,NA,NA,NA
"792","ID_792","Women","Football","Americas","Chile","Club de Deportes Antofagasta Femenino","Puma concolor","Species","Mammalia","Carnivora","Felidae","Puma","Puma concolor",1,NA,NA,NA,NA,NA,NA,1,NA,NA,1,NA,NA,NA
"793","ID_793","Men","Basketball","Europe","France","SLUC Nancy Basket","Puma concolor","Species","Mammalia","Carnivora","Felidae","Puma","Puma concolor",0,NA,NA,NA,NA,NA,NA,1,NA,NA,1,NA,NA,NA
"794","ID_794","Women","Basketball","Asia","Japan","Hitachi High-Technologies Cougars","Puma concolor","Species","Mammalia","Carnivora","Felidae","Puma","Puma concolor",0,NA,NA,NA,NA,NA,NA,1,NA,NA,1,NA,NA,NA
"795","ID_795","Men","Football","Americas","Mexico","Club Universidad Nacional","Puma concolor","Species","Mammalia","Carnivora","Felidae","Puma","Puma concolor",1,NA,NA,NA,NA,NA,NA,1,NA,NA,1,NA,NA,NA
"796","ID_796","Women","Football","Americas","Mexico","Club Universidad Nacional","Puma concolor","Species","Mammalia","Carnivora","Felidae","Puma","Puma concolor",1,NA,NA,NA,NA,NA,NA,1,NA,NA,1,NA,NA,NA
"797","ID_797","Men","Football","Americas","Peru","Club Deportivo Binacional FC","Puma concolor","Species","Mammalia","Carnivora","Felidae","Puma","Puma concolor",1,NA,NA,NA,NA,NA,NA,1,NA,NA,1,NA,NA,NA
"798","ID_798","Men","Rugby XV","Africa","South Africa","Pumas","Puma concolor","Species","Mammalia","Carnivora","Felidae","Puma","Puma concolor",0,NA,NA,NA,NA,NA,NA,1,NA,NA,1,NA,NA,NA
"801","ID_801","Men","Cricket","Asia","India","Assam Cricket Association","Rhinoceros unicornis","Species","Mammalia","Perissodactyla","Rhinocerotidae","Rhinoceros","Rhinoceros unicornis",1,NA,NA,NA,NA,1,NA,NA,NA,NA,NA,1,NA,NA
"804","ID_804","Men","Football","Americas","Brazil","Cuiabá Esporte Clube","Salminus brasiliensis","Species","Actinopterygii","Characiformes","Characidae","Salminus","Salminus brasiliensis",NA,NA,NA,NA,NA,NA,NA,NA,NA,NA,NA,NA,NA,NA
"805","ID_805","Women","Football","Asia","Japan","Omiya Ardija Ventus","Sciurus lis","Species","Mammalia","Rodentia","Sciuridae","Sciurus","Sciurus lis",1,NA,NA,NA,NA,NA,NA,1,NA,NA,NA,NA,1,NA
"806","ID_806","Women","Handball","Europe","Russian Federation","Handball Club Lada","Sciurus vulgaris","Species","Mammalia","Rodentia","Sciuridae","Sciurus","Sciurus vulgaris",1,NA,NA,NA,NA,NA,NA,1,NA,NA,1,NA,NA,NA
"821","ID_821","Women","Volleyball","Asia","Thailand","Supreme Chonburi Volleyball Club","Sousa chinensis","Species","Mammalia","Artiodactyla","Delphinidae","Sousa","Sousa chinensis",1,NA,NA,NA,NA,1,NA,NA,NA,NA,1,NA,NA,NA
"822","ID_822","Men","Baseball","Oceania","New Zealand","Auckland Tuatara","Sphenodon punctatus","Species","Reptilia","Rhynchocephalia","Sphenodontidae","Sphenodon","Sphenodon punctatus",1,NA,NA,NA,NA,NA,NA,1,NA,NA,NA,NA,NA,1
"829","ID_829","Men","Rugby XV","Asia","Japan","Mitsubishi Sagamihara DynaBoars","Sus scrofa","Species","Mammalia","Artiodactyla","Suidae","Sus","Sus scrofa",1,NA,NA,NA,NA,NA,NA,1,NA,NA,NA,NA,NA,1
"830","ID_830","Men","Basketball","Europe","Poland","Zastal Zielona Góra","Sus scrofa","Species","Mammalia","Artiodactyla","Suidae","Sus","Sus scrofa",1,NA,NA,NA,NA,NA,NA,1,NA,NA,NA,NA,NA,1
"831","ID_831","Men","Basketball","Europe","Switzerland","BBC Monthey-Chablais","Sus scrofa","Species","Mammalia","Artiodactyla","Suidae","Sus","Sus scrofa",1,NA,NA,NA,NA,NA,NA,1,NA,NA,NA,NA,NA,1
"832","ID_832","Men","Volleyball","Oceania","Australia","Tasmanian Echidnas","Tachyglossus aculeatus","Species","Mammalia","Monotremata","Tachyglossidae","Tachyglossus","Tachyglossus aculeatus",1,NA,NA,NA,NA,NA,NA,1,NA,NA,NA,NA,1,NA
"835","ID_835","Men","Rugby XIII","Oceania","Australia","Dolphins","Tursiops aduncus","Species","Mammalia","Artiodactyla","Delphinidae","Tursiops","Tursiops aduncus",1,NA,NA,NA,NA,NA,1,NA,NA,NA,NA,NA,NA,1
"838","ID_838","Men","Basketball","Europe","France","Élan Béarnais","Ursus arctos","Species","Mammalia","Carnivora","Ursidae","Ursus","Ursus arctos",1,NA,NA,NA,NA,NA,NA,1,NA,NA,NA,NA,1,NA
"839","ID_839","Men","Rugby XIII","Europe","France","XIII Limouxin","Ursus arctos","Species","Mammalia","Carnivora","Ursidae","Ursus","Ursus arctos",1,NA,NA,NA,NA,NA,NA,1,NA,NA,NA,NA,1,NA
"840","ID_840","Men","Rugby XIII","Europe","France","Racing club saint-gaudinois Comminges XIII","Ursus arctos","Species","Mammalia","Carnivora","Ursidae","Ursus","Ursus arctos",1,NA,NA,NA,NA,NA,NA,1,NA,NA,NA,NA,1,NA
"841","ID_841","Men","Football","Europe","Germany","1. FC Union Berlin","Ursus arctos","Species","Mammalia","Carnivora","Ursidae","Ursus","Ursus arctos",0,NA,NA,NA,NA,NA,NA,1,NA,NA,NA,NA,1,NA
"842","ID_842","Men","Volleyball","Europe","Germany","Helios Grizzlys Giesen	","Ursus arctos","Species","Mammalia","Carnivora","Ursidae","Ursus","Ursus arctos",0,NA,NA,NA,NA,NA,NA,1,NA,NA,NA,NA,1,NA
"843","ID_843","Men","Ice Hockey","Europe","Germany","Grizzlys Wolfsburg","Ursus arctos","Species","Mammalia","Carnivora","Ursidae","Ursus","Ursus arctos",0,NA,NA,NA,NA,NA,NA,1,NA,NA,NA,NA,1,NA
"844","ID_844","Men","Volleyball","Europe","Russian Federation","VC Kuzbass Kemerovo","Ursus arctos","Species","Mammalia","Carnivora","Ursidae","Ursus","Ursus arctos",1,NA,NA,NA,NA,NA,NA,1,NA,NA,NA,NA,1,NA
"845","ID_845","Men","Rugby XV","Europe","Russian Federation","RC Novokuznetsk","Ursus arctos","Species","Mammalia","Carnivora","Ursidae","Ursus","Ursus arctos",1,NA,NA,NA,NA,NA,NA,1,NA,NA,NA,NA,1,NA
"846","ID_846","Men","Handball","Europe","Russian Federation","Medvedi Perm","Ursus arctos","Species","Mammalia","Carnivora","Ursidae","Ursus","Ursus arctos",1,NA,NA,NA,NA,NA,NA,1,NA,NA,NA,NA,1,NA
"847","ID_847","Men","Handball","Europe","Russian Federation","Chekhovskiye Medvedi","Ursus arctos","Species","Mammalia","Carnivora","Ursidae","Ursus","Ursus arctos",1,NA,NA,NA,NA,NA,NA,1,NA,NA,NA,NA,1,NA
"848","ID_848","Men","Football","Europe","Spain","Atlético de Madrid","Ursus arctos","Species","Mammalia","Carnivora","Ursidae","Ursus","Ursus arctos",1,NA,NA,NA,NA,NA,NA,1,NA,NA,NA,NA,1,NA
"849","ID_849","Women","Football","Europe","Spain","Atlético Madrid Femenino","Ursus arctos","Species","Mammalia","Carnivora","Ursidae","Ursus","Ursus arctos",1,NA,NA,NA,NA,NA,NA,1,NA,NA,NA,NA,1,NA
"850","ID_850","Men","Ice Hockey","Europe","Switzerland","Schlittschuh Club Bern","Ursus arctos","Species","Mammalia","Carnivora","Ursidae","Ursus","Ursus arctos",0,NA,NA,NA,NA,NA,NA,1,NA,NA,NA,NA,1,NA
"851","ID_851","Men","Rugby XV","Europe","United Kingdom","Bristol Bears","Ursus arctos","Species","Mammalia","Carnivora","Ursidae","Ursus","Ursus arctos",0,NA,NA,NA,NA,NA,NA,1,NA,NA,NA,NA,1,NA
"852","ID_852","Men","Cricket","Europe","United Kingdom","Warwickshire County Cricket Club / Birmingham Bears","Ursus arctos","Species","Mammalia","Carnivora","Ursidae","Ursus","Ursus arctos",0,NA,NA,NA,NA,NA,NA,1,NA,NA,NA,NA,1,NA
"853","ID_853","Men","Basketball","Americas","United States","Memphis Grizzlies","Ursus arctos","Species","Mammalia","Carnivora","Ursidae","Ursus","Ursus arctos",1,NA,NA,NA,NA,NA,NA,1,NA,NA,NA,NA,1,NA
"854","ID_854","Men","American Football","Americas","United States","Chicago Bears","Ursus arctos","Species","Mammalia","Carnivora","Ursidae","Ursus","Ursus arctos",1,NA,NA,NA,NA,NA,NA,1,NA,NA,NA,NA,1,NA
"855","ID_855","Men","Baseball","Americas","United States","Chicago cubs","Ursus arctos","Species","Mammalia","Carnivora","Ursidae","Ursus","Ursus arctos",1,NA,NA,NA,NA,NA,NA,1,NA,NA,NA,NA,1,NA
"856","ID_856","Men","Ice Hockey","Americas","United States","Boston Bruins","Ursus arctos","Species","Mammalia","Carnivora","Ursidae","Ursus","Ursus arctos",1,NA,NA,NA,NA,NA,NA,1,NA,NA,NA,NA,1,NA
"857","ID_857","Men","Ice Hockey","Americas","United States","Minnesota Wild","Ursus arctos","Species","Mammalia","Carnivora","Ursidae","Ursus","Ursus arctos",1,NA,NA,NA,NA,NA,NA,1,NA,NA,NA,NA,1,NA
"858","ID_858","Men","Basketball","Americas","Canada","Winnipeg Sea Bears","Ursus maritimus","Species","Mammalia","Carnivora","Ursidae","Ursus","Ursus maritimus",1,NA,NA,NA,NA,1,NA,NA,NA,NA,NA,NA,NA,1
"859","ID_859","Men","Ice Hockey","Europe","Germany","Eisbären Berlin","Ursus maritimus","Species","Mammalia","Carnivora","Ursidae","Ursus","Ursus maritimus",0,NA,NA,NA,NA,1,NA,NA,NA,NA,NA,NA,NA,1
"860","ID_860","Men","Ice Hockey","Asia","Korea, Republic of","HL Anyang","Ursus maritimus","Species","Mammalia","Carnivora","Ursidae","Ursus","Ursus maritimus",0,NA,NA,NA,NA,1,NA,NA,NA,NA,NA,NA,NA,1
"861","ID_861","Men","Ice Hockey","Europe","Russian Federation","Traktor Chelyabinsk","Ursus maritimus","Species","Mammalia","Carnivora","Ursidae","Ursus","Ursus maritimus",1,NA,NA,NA,NA,1,NA,NA,NA,NA,NA,NA,NA,1
"862","ID_862","Women","Ice Hockey","Europe","Russian Federation","Belye Medveditsy","Ursus maritimus","Species","Mammalia","Carnivora","Ursidae","Ursus","Ursus maritimus",1,NA,NA,NA,NA,1,NA,NA,NA,NA,NA,NA,NA,1
"863","ID_863","Men","Football","Asia","Korea, Republic of","Gangwon FC","Ursus thibetanus","Species","Mammalia","Carnivora","Ursidae","Ursus","Ursus thibetanus",NA,NA,NA,NA,NA,NA,NA,NA,NA,NA,NA,NA,NA,NA
"869","ID_869","Men","Basketball","Americas","Canada","Vancouver Bandits","Vulpes vulpes","Species","Mammalia","Carnivora","Canidae","Vulpes","Vulpes vulpes",1,NA,NA,NA,NA,NA,NA,1,NA,NA,NA,NA,1,NA
"870","ID_870","Men","Handball","Europe","Germany","Füchse Berlin","Vulpes vulpes","Species","Mammalia","Carnivora","Canidae","Vulpes","Vulpes vulpes",1,NA,NA,NA,NA,NA,NA,1,NA,NA,NA,NA,1,NA
"871","ID_871","Women","Volleyball","Europe","Poland","Uni Opole","Vulpes vulpes","Species","Mammalia","Carnivora","Canidae","Vulpes","Vulpes vulpes",1,NA,NA,NA,NA,NA,NA,1,NA,NA,NA,NA,1,NA
"872","ID_872","Men","Ice Hockey","Europe","Russian Federation","Metallurg Magnitogorsk","Vulpes vulpes","Species","Mammalia","Carnivora","Canidae","Vulpes","Vulpes vulpes",1,NA,NA,NA,NA,NA,NA,1,NA,NA,NA,NA,1,NA
"873","ID_873","Women","Basketball","Europe","Russian Federation","UMMC Ekaterinburg","Vulpes vulpes","Species","Mammalia","Carnivora","Canidae","Vulpes","Vulpes vulpes",1,NA,NA,NA,NA,NA,NA,1,NA,NA,NA,NA,1,NA
"874","ID_874","Women","Handball","Europe","Russian Federation","HC Ufa-Alisa","Vulpes vulpes","Species","Mammalia","Carnivora","Canidae","Vulpes","Vulpes vulpes",1,NA,NA,NA,NA,NA,NA,1,NA,NA,NA,NA,1,NA
"875","ID_875","Men","Football","Europe","United Kingdom","Leicester City FC","Vulpes vulpes","Species","Mammalia","Carnivora","Canidae","Vulpes","Vulpes vulpes",1,NA,NA,NA,NA,NA,NA,1,NA,NA,NA,NA,1,NA
"876","ID_876","Men","Cricket","Europe","United Kingdom","Leicestershire County Cricket Club","Vulpes vulpes","Species","Mammalia","Carnivora","Canidae","Vulpes","Vulpes vulpes",1,NA,NA,NA,NA,NA,NA,1,NA,NA,NA,NA,1,NA
"877","ID_877","Women","Football","Europe","United Kingdom","Leicester City WFC","Vulpes vulpes","Species","Mammalia","Carnivora","Canidae","Vulpes","Vulpes vulpes",1,NA,NA,NA,NA,NA,NA,1,NA,NA,NA,NA,1,NA
"878","ID_878","Men","Volleyball","Americas","Argentina","UPCN San Juan Voley Club","Vultur gryphus","Species","Aves","Cathartiformes","Cathartidae","Vultur","Vultur gryphus",1,NA,NA,NA,NA,1,NA,NA,NA,NA,1,NA,NA,NA
"879","ID_879","Women","Basketball","Asia","China","Shanghai Baoshan Dahua Swordfish","Xiphias gladius","Species","Actinopterygii","Istiophoriformes","Xiphiidae","Xiphias","Xiphias gladius",1,NA,NA,NA,NA,NA,1,NA,NA,NA,1,NA,NA,NA
"880","ID_880","Women","Volleyball","Asia","Japan","Hisamitsu Springs","Zosterops japonicus","Species","Aves","Passeriformes","Zosteropidae","Zosterops","Zosterops japonicus",1,NA,NA,NA,NA,NA,NA,1,NA,NA,NA,NA,NA,1
